Supplier_ID,Supplier_Name,Category,City,State,GST_Number,Lead_Time_Days,Supplier_Rating,Payment_Terms,Preferred_Supplier,Active_Status,Contact_Email
SUP0001,Mumbai Grocery Supplies Pvt Ltd,Grocery,Mumbai,Maharashtra,69ABCDE7060F1Z2,6,4.4,45 Days,No,Active,contact1@supplier.in
SUP0002,Jaipur Electronics Supplies Pvt Ltd,Electronics,Jaipur,Rajasthan,57ABCDE9961F1Z7,20,4.0,45 Days,No,Active,contact2@supplier.in
SUP0003,Bengaluru Fashion Supplies Pvt Ltd,Fashion,Bengaluru,Karnataka,30ABCDE9395F1Z8,5,3.8,30 Days,No,Active,contact3@supplier.in
SUP0004,Jaipur Toys Supplies Pvt Ltd,Toys,Jaipur,Rajasthan,58ABCDE2040F1Z1,7,3.5,60 Days,No,Active,contact4@supplier.in
SUP0005,Mumbai Home Appliances Supplies Pvt Ltd,Home Appliances,Mumbai,Maharashtra,76ABCDE2688F1Z1,4,3.6,30 Days,No,Active,contact5@supplier.in
SUP0006,Kolkata Beauty Supplies Pvt Ltd,Beauty,Kolkata,West Bengal,31ABCDE3069F1Z2,16,3.7,45 Days,No,Active,contact6@supplier.in
SUP0007,Jaipur Grocery Supplies Pvt Ltd,Grocery,Jaipur,Rajasthan,96ABCDE2152F1Z9,7,3.7,60 Days,No,Active,contact7@supplier.in
SUP0008,Kolkata Beauty Supplies Pvt Ltd,Beauty,Kolkata,West Bengal,70ABCDE7798F1Z2,3,4.4,45 Days,No,Active,contact8@supplier.in
SUP0009,Bengaluru Home Appliances Supplies Pvt Ltd,Home Appliances,Bengaluru,Karnataka,23ABCDE9768F1Z7,11,4.1,45 Days,No,Active,contact9@supplier.in
SUP0010,New Delhi Electronics Supplies Pvt Ltd,Electronics,New Delhi,Delhi,26ABCDE1279F1Z6,5,3.2,30 Days,No,Active,contact10@supplier.in
SUP0011,Kolkata Grocery Supplies Pvt Ltd,Grocery,Kolkata,West Bengal,53ABCDE7317F1Z2,16,4.9,60 Days,Yes,Active,contact11@supplier.in
SUP0012,Indore Furniture Supplies Pvt Ltd,Furniture,Indore,Madhya Pradesh,34ABCDE7610F1Z5,14,4.7,60 Days,Yes,Active,contact12@supplier.in
SUP0013,Noida Sports Supplies Pvt Ltd,Sports,Noida,Uttar Pradesh,78ABCDE3913F1Z4,7,3.7,60 Days,No,Active,contact13@supplier.in
SUP0014,Mumbai Furniture Supplies Pvt Ltd,Furniture,Mumbai,Maharashtra,54ABCDE4076F1Z4,9,4.9,45 Days,Yes,Active,contact14@supplier.in
SUP0015,Ahmedabad Furniture Supplies Pvt Ltd,Furniture,Ahmedabad,Gujarat,17ABCDE2572F1Z1,18,3.1,30 Days,No,Active,contact15@supplier.in
SUP0016,Jaipur Toys Supplies Pvt Ltd,Toys,Jaipur,Rajasthan,74ABCDE2827F1Z6,18,4.8,45 Days,Yes,Active,contact16@supplier.in
SUP0017,Kolkata Sports Supplies Pvt Ltd,Sports,Kolkata,West Bengal,23ABCDE4596F1Z2,2,3.3,60 Days,No,Active,contact17@supplier.in
SUP0018,Chennai Sports Supplies Pvt Ltd,Sports,Chennai,Tamil Nadu,33ABCDE7162F1Z2,2,3.9,45 Days,No,Active,contact18@supplier.in
SUP0019,Ludhiana Home Appliances Supplies Pvt Ltd,Home Appliances,Ludhiana,Punjab,98ABCDE4973F1Z4,6,4.1,30 Days,No,Active,contact19@supplier.in
SUP0020,Hyderabad Books Supplies Pvt Ltd,Books,Hyderabad,Telangana,92ABCDE2205F1Z8,10,4.4,60 Days,No,Active,contact20@supplier.in
SUP0021,Noida Furniture Supplies Pvt Ltd,Furniture,Noida,Uttar Pradesh,70ABCDE3462F1Z5,8,3.0,60 Days,No,Active,contact21@supplier.in
SUP0022,Hyderabad Books Supplies Pvt Ltd,Books,Hyderabad,Telangana,80ABCDE8976F1Z9,11,5.0,60 Days,Yes,Active,contact22@supplier.in
SUP0023,Ahmedabad Toys Supplies Pvt Ltd,Toys,Ahmedabad,Gujarat,37ABCDE3524F1Z1,4,4.6,60 Days,Yes,Active,contact23@supplier.in
SUP0024,Kochi Fashion Supplies Pvt Ltd,Fashion,Kochi,Kerala,34ABCDE4234F1Z9,9,4.8,30 Days,Yes,Active,contact24@supplier.in
SUP0025,Kolkata Books Supplies Pvt Ltd,Books,Kolkata,West Bengal,53ABCDE8510F1Z8,4,3.8,60 Days,No,Active,contact25@supplier.in
SUP0026,New Delhi Fashion Supplies Pvt Ltd,Fashion,New Delhi,Delhi,52ABCDE6977F1Z2,13,4.6,45 Days,Yes,Active,contact26@supplier.in
SUP0027,Kolkata Beauty Supplies Pvt Ltd,Beauty,Kolkata,West Bengal,40ABCDE8586F1Z3,8,3.6,45 Days,No,Active,contact27@supplier.in
SUP0028,Ahmedabad Furniture Supplies Pvt Ltd,Furniture,Ahmedabad,Gujarat,77ABCDE1796F1Z3,11,4.7,45 Days,Yes,Active,contact28@supplier.in
SUP0029,New Delhi Furniture Supplies Pvt Ltd,Furniture,New Delhi,Delhi,74ABCDE4108F1Z5,20,3.3,45 Days,No,Active,contact29@supplier.in
SUP0030,Ludhiana Home Appliances Supplies Pvt Ltd,Home Appliances,Ludhiana,Punjab,75ABCDE6941F1Z3,5,5.0,30 Days,Yes,Active,contact30@supplier.in
SUP0031,Hyderabad Toys Supplies Pvt Ltd,Toys,Hyderabad,Telangana,22ABCDE3524F1Z9,10,4.5,45 Days,Yes,Active,contact31@supplier.in
SUP0032,Jaipur Books Supplies Pvt Ltd,Books,Jaipur,Rajasthan,70ABCDE9891F1Z2,19,4.3,30 Days,No,Active,contact32@supplier.in
SUP0033,Kolkata Books Supplies Pvt Ltd,Books,Kolkata,West Bengal,23ABCDE4368F1Z8,11,4.6,60 Days,Yes,Active,contact33@supplier.in
SUP0034,Kochi Toys Supplies Pvt Ltd,Toys,Kochi,Kerala,33ABCDE6877F1Z1,6,3.9,30 Days,No,Active,contact34@supplier.in
SUP0035,Mumbai Fashion Supplies Pvt Ltd,Fashion,Mumbai,Maharashtra,33ABCDE1368F1Z6,12,4.8,30 Days,Yes,Active,contact35@supplier.in
SUP0036,Bengaluru Sports Supplies Pvt Ltd,Sports,Bengaluru,Karnataka,91ABCDE2365F1Z4,2,3.9,30 Days,No,Active,contact36@supplier.in
SUP0037,Jaipur Furniture Supplies Pvt Ltd,Furniture,Jaipur,Rajasthan,15ABCDE2817F1Z2,14,3.5,45 Days,No,Inactive,contact37@supplier.in
SUP0038,Jaipur Toys Supplies Pvt Ltd,Toys,Jaipur,Rajasthan,43ABCDE5558F1Z7,9,4.3,60 Days,No,Active,contact38@supplier.in
SUP0039,New Delhi Beauty Supplies Pvt Ltd,Beauty,New Delhi,Delhi,62ABCDE7657F1Z6,20,4.0,45 Days,No,Active,contact39@supplier.in
SUP0040,Indore Furniture Supplies Pvt Ltd,Furniture,Indore,Madhya Pradesh,12ABCDE9560F1Z3,17,3.9,45 Days,No,Active,contact40@supplier.in
SUP0041,Jaipur Home Appliances Supplies Pvt Ltd,Home Appliances,Jaipur,Rajasthan,19ABCDE8270F1Z2,5,4.5,45 Days,Yes,Active,contact41@supplier.in
SUP0042,Mumbai Grocery Supplies Pvt Ltd,Grocery,Mumbai,Maharashtra,77ABCDE7463F1Z4,18,4.9,45 Days,Yes,Active,contact42@supplier.in
SUP0043,Mumbai Furniture Supplies Pvt Ltd,Furniture,Mumbai,Maharashtra,60ABCDE2409F1Z3,5,3.6,30 Days,No,Active,contact43@supplier.in
SUP0044,Jaipur Fashion Supplies Pvt Ltd,Fashion,Jaipur,Rajasthan,14ABCDE2050F1Z4,15,4.3,60 Days,No,Active,contact44@supplier.in
SUP0045,Ludhiana Toys Supplies Pvt Ltd,Toys,Ludhiana,Punjab,12ABCDE6853F1Z6,18,4.8,45 Days,Yes,Active,contact45@supplier.in
SUP0046,Ahmedabad Toys Supplies Pvt Ltd,Toys,Ahmedabad,Gujarat,13ABCDE1170F1Z1,4,3.0,30 Days,No,Active,contact46@supplier.in
SUP0047,Hyderabad Toys Supplies Pvt Ltd,Toys,Hyderabad,Telangana,67ABCDE6029F1Z1,13,3.6,30 Days,No,Active,contact47@supplier.in
SUP0048,Ahmedabad Grocery Supplies Pvt Ltd,Grocery,Ahmedabad,Gujarat,20ABCDE6784F1Z1,12,4.6,60 Days,Yes,Active,contact48@supplier.in
SUP0049,Bengaluru Sports Supplies Pvt Ltd,Sports,Bengaluru,Karnataka,67ABCDE5627F1Z2,20,3.7,45 Days,No,Active,contact49@supplier.in
SUP0050,New Delhi Fashion Supplies Pvt Ltd,Fashion,New Delhi,Delhi,71ABCDE3842F1Z4,15,3.9,60 Days,No,Active,contact50@supplier.in
SUP0051,Hyderabad Grocery Supplies Pvt Ltd,Grocery,Hyderabad,Telangana,23ABCDE6157F1Z6,15,4.0,45 Days,No,Active,contact51@supplier.in
SUP0052,Jaipur Toys Supplies Pvt Ltd,Toys,Jaipur,Rajasthan,80ABCDE8893F1Z5,16,4.0,60 Days,No,Active,contact52@supplier.in
SUP0053,Ahmedabad Sports Supplies Pvt Ltd,Sports,Ahmedabad,Gujarat,12ABCDE1239F1Z3,3,4.7,45 Days,Yes,Active,contact53@supplier.in
SUP0054,Noida Healthcare Supplies Pvt Ltd,Healthcare,Noida,Uttar Pradesh,76ABCDE9399F1Z8,6,4.3,45 Days,No,Active,contact54@supplier.in
SUP0055,Hyderabad Furniture Supplies Pvt Ltd,Furniture,Hyderabad,Telangana,88ABCDE1148F1Z9,11,4.1,30 Days,No,Active,contact55@supplier.in
SUP0056,Indore Home Appliances Supplies Pvt Ltd,Home Appliances,Indore,Madhya Pradesh,67ABCDE6509F1Z5,5,4.8,30 Days,Yes,Active,contact56@supplier.in
SUP0057,Mumbai Fashion Supplies Pvt Ltd,Fashion,Mumbai,Maharashtra,83ABCDE8228F1Z9,7,3.5,30 Days,No,Active,contact57@supplier.in
SUP0058,Bengaluru Sports Supplies Pvt Ltd,Sports,Bengaluru,Karnataka,27ABCDE9630F1Z6,21,3.6,30 Days,No,Active,contact58@supplier.in
SUP0059,Kolkata Beauty Supplies Pvt Ltd,Beauty,Kolkata,West Bengal,85ABCDE2103F1Z2,17,4.6,30 Days,Yes,Active,contact59@supplier.in
SUP0060,Ahmedabad Grocery Supplies Pvt Ltd,Grocery,Ahmedabad,Gujarat,60ABCDE3462F1Z8,3,3.7,60 Days,No,Active,contact60@supplier.in
SUP0061,Jaipur Healthcare Supplies Pvt Ltd,Healthcare,Jaipur,Rajasthan,50ABCDE1317F1Z3,13,4.9,30 Days,Yes,Active,contact61@supplier.in
SUP0062,Kochi Beauty Supplies Pvt Ltd,Beauty,Kochi,Kerala,66ABCDE1214F1Z7,19,3.2,45 Days,No,Active,contact62@supplier.in
SUP0063,Ludhiana Home Appliances Supplies Pvt Ltd,Home Appliances,Ludhiana,Punjab,80ABCDE9516F1Z7,15,3.5,45 Days,No,Active,contact63@supplier.in
SUP0064,Chennai Beauty Supplies Pvt Ltd,Beauty,Chennai,Tamil Nadu,46ABCDE6217F1Z2,4,3.5,45 Days,No,Active,contact64@supplier.in
SUP0065,Bengaluru Sports Supplies Pvt Ltd,Sports,Bengaluru,Karnataka,51ABCDE4457F1Z5,11,3.1,30 Days,No,Active,contact65@supplier.in
SUP0066,Mumbai Healthcare Supplies Pvt Ltd,Healthcare,Mumbai,Maharashtra,14ABCDE8773F1Z7,3,3.6,30 Days,No,Active,contact66@supplier.in
SUP0067,New Delhi Electronics Supplies Pvt Ltd,Electronics,New Delhi,Delhi,64ABCDE6708F1Z2,20,4.9,60 Days,Yes,Active,contact67@supplier.in
SUP0068,Hyderabad Electronics Supplies Pvt Ltd,Electronics,Hyderabad,Telangana,51ABCDE8939F1Z7,9,3.9,60 Days,No,Active,contact68@supplier.in
SUP0069,Noida Beauty Supplies Pvt Ltd,Beauty,Noida,Uttar Pradesh,65ABCDE6110F1Z4,4,4.9,45 Days,Yes,Active,contact69@supplier.in
SUP0070,Kolkata Healthcare Supplies Pvt Ltd,Healthcare,Kolkata,West Bengal,16ABCDE4402F1Z2,21,4.8,45 Days,Yes,Active,contact70@supplier.in
SUP0071,Ahmedabad Books Supplies Pvt Ltd,Books,Ahmedabad,Gujarat,86ABCDE9390F1Z2,7,4.6,45 Days,Yes,Active,contact71@supplier.in
SUP0072,New Delhi Electronics Supplies Pvt Ltd,Electronics,New Delhi,Delhi,80ABCDE6345F1Z7,2,3.9,45 Days,No,Active,contact72@supplier.in
SUP0073,Ahmedabad Home Appliances Supplies Pvt Ltd,Home Appliances,Ahmedabad,Gujarat,25ABCDE8455F1Z1,3,3.9,45 Days,No,Inactive,contact73@supplier.in
SUP0074,Indore Grocery Supplies Pvt Ltd,Grocery,Indore,Madhya Pradesh,44ABCDE3272F1Z6,16,4.1,30 Days,No,Active,contact74@supplier.in
SUP0075,Ahmedabad Toys Supplies Pvt Ltd,Toys,Ahmedabad,Gujarat,56ABCDE9695F1Z7,20,4.7,30 Days,Yes,Active,contact75@supplier.in
SUP0076,Hyderabad Beauty Supplies Pvt Ltd,Beauty,Hyderabad,Telangana,78ABCDE8580F1Z8,13,4.3,60 Days,No,Active,contact76@supplier.in
SUP0077,Mumbai Healthcare Supplies Pvt Ltd,Healthcare,Mumbai,Maharashtra,80ABCDE8147F1Z1,2,3.3,30 Days,No,Active,contact77@supplier.in
SUP0078,Bengaluru Home Appliances Supplies Pvt Ltd,Home Appliances,Bengaluru,Karnataka,37ABCDE7503F1Z8,14,4.0,60 Days,No,Active,contact78@supplier.in
SUP0079,New Delhi Healthcare Supplies Pvt Ltd,Healthcare,New Delhi,Delhi,21ABCDE3883F1Z4,8,3.9,60 Days,No,Active,contact79@supplier.in
SUP0080,Bengaluru Fashion Supplies Pvt Ltd,Fashion,Bengaluru,Karnataka,43ABCDE9001F1Z5,11,3.4,60 Days,No,Inactive,contact80@supplier.in
SUP0081,Noida Electronics Supplies Pvt Ltd,Electronics,Noida,Uttar Pradesh,10ABCDE5885F1Z2,5,3.7,60 Days,No,Active,contact81@supplier.in
SUP0082,Hyderabad Healthcare Supplies Pvt Ltd,Healthcare,Hyderabad,Telangana,62ABCDE4386F1Z1,10,3.0,30 Days,No,Active,contact82@supplier.in
SUP0083,Noida Healthcare Supplies Pvt Ltd,Healthcare,Noida,Uttar Pradesh,35ABCDE9542F1Z5,16,4.2,45 Days,No,Active,contact83@supplier.in
SUP0084,Bengaluru Books Supplies Pvt Ltd,Books,Bengaluru,Karnataka,52ABCDE4490F1Z5,9,4.4,45 Days,No,Active,contact84@supplier.in
SUP0085,Indore Healthcare Supplies Pvt Ltd,Healthcare,Indore,Madhya Pradesh,67ABCDE5314F1Z7,11,3.8,30 Days,No,Active,contact85@supplier.in
SUP0086,Bengaluru Electronics Supplies Pvt Ltd,Electronics,Bengaluru,Karnataka,35ABCDE4208F1Z7,12,3.9,45 Days,No,Active,contact86@supplier.in
SUP0087,Jaipur Home Appliances Supplies Pvt Ltd,Home Appliances,Jaipur,Rajasthan,84ABCDE7018F1Z7,20,4.5,30 Days,Yes,Active,contact87@supplier.in
SUP0088,Chennai Fashion Supplies Pvt Ltd,Fashion,Chennai,Tamil Nadu,58ABCDE1782F1Z1,5,4.6,45 Days,Yes,Active,contact88@supplier.in
SUP0089,Indore Beauty Supplies Pvt Ltd,Beauty,Indore,Madhya Pradesh,39ABCDE6089F1Z2,6,4.8,45 Days,Yes,Active,contact89@supplier.in
SUP0090,Hyderabad Sports Supplies Pvt Ltd,Sports,Hyderabad,Telangana,93ABCDE3174F1Z5,9,4.6,60 Days,Yes,Active,contact90@supplier.in
SUP0091,Kolkata Electronics Supplies Pvt Ltd,Electronics,Kolkata,West Bengal,24ABCDE1176F1Z6,17,3.0,30 Days,No,Active,contact91@supplier.in
SUP0092,Chennai Books Supplies Pvt Ltd,Books,Chennai,Tamil Nadu,30ABCDE9221F1Z1,20,3.6,60 Days,No,Active,contact92@supplier.in
SUP0093,Ludhiana Fashion Supplies Pvt Ltd,Fashion,Ludhiana,Punjab,48ABCDE2163F1Z5,17,4.0,30 Days,No,Active,contact93@supplier.in
SUP0094,Noida Beauty Supplies Pvt Ltd,Beauty,Noida,Uttar Pradesh,24ABCDE1500F1Z8,15,4.0,30 Days,No,Active,contact94@supplier.in
SUP0095,Kolkata Books Supplies Pvt Ltd,Books,Kolkata,West Bengal,59ABCDE8066F1Z7,13,3.5,45 Days,No,Active,contact95@supplier.in
SUP0096,Kolkata Electronics Supplies Pvt Ltd,Electronics,Kolkata,West Bengal,83ABCDE1920F1Z2,15,4.2,30 Days,No,Active,contact96@supplier.in
SUP0097,Kolkata Beauty Supplies Pvt Ltd,Beauty,Kolkata,West Bengal,37ABCDE2296F1Z9,9,4.3,45 Days,No,Active,contact97@supplier.in
SUP0098,Bengaluru Healthcare Supplies Pvt Ltd,Healthcare,Bengaluru,Karnataka,30ABCDE8958F1Z6,2,4.6,45 Days,Yes,Active,contact98@supplier.in
SUP0099,Ludhiana Home Appliances Supplies Pvt Ltd,Home Appliances,Ludhiana,Punjab,12ABCDE1768F1Z1,12,4.5,30 Days,Yes,Active,contact99@supplier.in
SUP0100,Noida Healthcare Supplies Pvt Ltd,Healthcare,Noida,Uttar Pradesh,45ABCDE4368F1Z9,4,4.1,30 Days,No,Active,contact100@supplier.in
SUP0101,Indore Fashion Supplies Pvt Ltd,Fashion,Indore,Madhya Pradesh,78ABCDE7988F1Z4,20,4.7,45 Days,Yes,Active,contact101@supplier.in
SUP0102,Kochi Grocery Supplies Pvt Ltd,Grocery,Kochi,Kerala,64ABCDE7218F1Z3,21,4.0,30 Days,No,Inactive,contact102@supplier.in
SUP0103,Bengaluru Books Supplies Pvt Ltd,Books,Bengaluru,Karnataka,20ABCDE9654F1Z1,20,3.3,45 Days,No,Active,contact103@supplier.in
SUP0104,Jaipur Furniture Supplies Pvt Ltd,Furniture,Jaipur,Rajasthan,13ABCDE1635F1Z9,5,4.6,45 Days,Yes,Active,contact104@supplier.in
SUP0105,Hyderabad Home Appliances Supplies Pvt Ltd,Home Appliances,Hyderabad,Telangana,51ABCDE4504F1Z2,19,3.6,45 Days,No,Active,contact105@supplier.in
SUP0106,Ludhiana Grocery Supplies Pvt Ltd,Grocery,Ludhiana,Punjab,91ABCDE3666F1Z9,19,4.8,30 Days,Yes,Active,contact106@supplier.in
SUP0107,Bengaluru Beauty Supplies Pvt Ltd,Beauty,Bengaluru,Karnataka,39ABCDE7533F1Z5,20,3.6,60 Days,No,Active,contact107@supplier.in
SUP0108,Ahmedabad Grocery Supplies Pvt Ltd,Grocery,Ahmedabad,Gujarat,26ABCDE8853F1Z6,5,3.6,30 Days,No,Active,contact108@supplier.in
SUP0109,Hyderabad Beauty Supplies Pvt Ltd,Beauty,Hyderabad,Telangana,85ABCDE1519F1Z9,16,4.7,60 Days,Yes,Active,contact109@supplier.in
SUP0110,Mumbai Beauty Supplies Pvt Ltd,Beauty,Mumbai,Maharashtra,34ABCDE7967F1Z3,12,4.1,60 Days,No,Active,contact110@supplier.in
SUP0111,Kochi Toys Supplies Pvt Ltd,Toys,Kochi,Kerala,97ABCDE5779F1Z1,13,3.1,30 Days,No,Active,contact111@supplier.in
SUP0112,Mumbai Healthcare Supplies Pvt Ltd,Healthcare,Mumbai,Maharashtra,52ABCDE9076F1Z1,15,4.8,45 Days,Yes,Active,contact112@supplier.in
SUP0113,Chennai Electronics Supplies Pvt Ltd,Electronics,Chennai,Tamil Nadu,12ABCDE2004F1Z9,21,4.7,30 Days,Yes,Active,contact113@supplier.in
SUP0114,Kolkata Sports Supplies Pvt Ltd,Sports,Kolkata,West Bengal,12ABCDE5573F1Z2,8,4.8,45 Days,Yes,Active,contact114@supplier.in
SUP0115,Bengaluru Furniture Supplies Pvt Ltd,Furniture,Bengaluru,Karnataka,76ABCDE1995F1Z5,10,3.1,60 Days,No,Active,contact115@supplier.in
SUP0116,Bengaluru Sports Supplies Pvt Ltd,Sports,Bengaluru,Karnataka,51ABCDE6676F1Z7,11,4.7,30 Days,Yes,Active,contact116@supplier.in
SUP0117,Kolkata Healthcare Supplies Pvt Ltd,Healthcare,Kolkata,West Bengal,21ABCDE5384F1Z3,16,3.5,45 Days,No,Active,contact117@supplier.in
SUP0118,Hyderabad Grocery Supplies Pvt Ltd,Grocery,Hyderabad,Telangana,40ABCDE9824F1Z3,9,3.1,30 Days,No,Active,contact118@supplier.in
SUP0119,Kolkata Toys Supplies Pvt Ltd,Toys,Kolkata,West Bengal,16ABCDE2828F1Z2,15,3.6,45 Days,No,Active,contact119@supplier.in
SUP0120,Indore Books Supplies Pvt Ltd,Books,Indore,Madhya Pradesh,25ABCDE8333F1Z7,10,4.6,30 Days,Yes,Active,contact120@supplier.in
SUP0121,Noida Electronics Supplies Pvt Ltd,Electronics,Noida,Uttar Pradesh,99ABCDE3206F1Z6,15,3.7,30 Days,No,Active,contact121@supplier.in
SUP0122,Kolkata Healthcare Supplies Pvt Ltd,Healthcare,Kolkata,West Bengal,77ABCDE9546F1Z9,21,3.8,45 Days,No,Active,contact122@supplier.in
SUP0123,Hyderabad Books Supplies Pvt Ltd,Books,Hyderabad,Telangana,74ABCDE9772F1Z8,10,3.7,30 Days,No,Active,contact123@supplier.in
SUP0124,Mumbai Grocery Supplies Pvt Ltd,Grocery,Mumbai,Maharashtra,39ABCDE2598F1Z9,5,3.7,45 Days,No,Active,contact124@supplier.in
SUP0125,Hyderabad Books Supplies Pvt Ltd,Books,Hyderabad,Telangana,97ABCDE5093F1Z4,5,3.5,45 Days,No,Active,contact125@supplier.in
SUP0126,Kolkata Beauty Supplies Pvt Ltd,Beauty,Kolkata,West Bengal,16ABCDE2320F1Z8,17,4.5,60 Days,Yes,Active,contact126@supplier.in
SUP0127,Kochi Healthcare Supplies Pvt Ltd,Healthcare,Kochi,Kerala,39ABCDE5697F1Z1,13,3.8,30 Days,No,Active,contact127@supplier.in
SUP0128,Bengaluru Home Appliances Supplies Pvt Ltd,Home Appliances,Bengaluru,Karnataka,95ABCDE7399F1Z1,16,4.1,60 Days,No,Active,contact128@supplier.in
SUP0129,Kolkata Fashion Supplies Pvt Ltd,Fashion,Kolkata,West Bengal,44ABCDE3302F1Z5,6,4.4,45 Days,No,Active,contact129@supplier.in
SUP0130,Chennai Grocery Supplies Pvt Ltd,Grocery,Chennai,Tamil Nadu,91ABCDE9675F1Z4,14,3.7,30 Days,No,Active,contact130@supplier.in
SUP0131,Chennai Home Appliances Supplies Pvt Ltd,Home Appliances,Chennai,Tamil Nadu,52ABCDE1834F1Z1,15,4.3,60 Days,No,Active,contact131@supplier.in
SUP0132,Bengaluru Books Supplies Pvt Ltd,Books,Bengaluru,Karnataka,21ABCDE2290F1Z4,8,5.0,45 Days,Yes,Active,contact132@supplier.in
SUP0133,Kolkata Healthcare Supplies Pvt Ltd,Healthcare,Kolkata,West Bengal,54ABCDE3533F1Z8,21,3.6,60 Days,No,Active,contact133@supplier.in
SUP0134,Jaipur Home Appliances Supplies Pvt Ltd,Home Appliances,Jaipur,Rajasthan,84ABCDE9283F1Z1,17,3.6,30 Days,No,Active,contact134@supplier.in
SUP0135,Kolkata Toys Supplies Pvt Ltd,Toys,Kolkata,West Bengal,68ABCDE7896F1Z7,18,4.4,60 Days,No,Active,contact135@supplier.in
SUP0136,Noida Beauty Supplies Pvt Ltd,Beauty,Noida,Uttar Pradesh,92ABCDE2695F1Z8,2,3.9,45 Days,No,Active,contact136@supplier.in
SUP0137,Indore Sports Supplies Pvt Ltd,Sports,Indore,Madhya Pradesh,42ABCDE5530F1Z1,13,4.5,45 Days,Yes,Active,contact137@supplier.in
SUP0138,Noida Home Appliances Supplies Pvt Ltd,Home Appliances,Noida,Uttar Pradesh,46ABCDE5183F1Z8,9,3.4,45 Days,No,Active,contact138@supplier.in
SUP0139,Indore Home Appliances Supplies Pvt Ltd,Home Appliances,Indore,Madhya Pradesh,85ABCDE7376F1Z7,14,4.5,30 Days,Yes,Active,contact139@supplier.in
SUP0140,Bengaluru Home Appliances Supplies Pvt Ltd,Home Appliances,Bengaluru,Karnataka,36ABCDE1897F1Z4,17,4.5,30 Days,Yes,Active,contact140@supplier.in
SUP0141,Noida Beauty Supplies Pvt Ltd,Beauty,Noida,Uttar Pradesh,31ABCDE4544F1Z3,14,4.0,45 Days,No,Active,contact141@supplier.in
SUP0142,Hyderabad Sports Supplies Pvt Ltd,Sports,Hyderabad,Telangana,87ABCDE8585F1Z2,19,3.7,60 Days,No,Active,contact142@supplier.in
SUP0143,Kochi Beauty Supplies Pvt Ltd,Beauty,Kochi,Kerala,83ABCDE6906F1Z2,18,4.5,30 Days,Yes,Active,contact143@supplier.in
SUP0144,Bengaluru Healthcare Supplies Pvt Ltd,Healthcare,Bengaluru,Karnataka,77ABCDE7045F1Z9,8,3.5,45 Days,No,Active,contact144@supplier.in
SUP0145,Jaipur Beauty Supplies Pvt Ltd,Beauty,Jaipur,Rajasthan,15ABCDE4181F1Z6,15,4.2,60 Days,No,Active,contact145@supplier.in
SUP0146,Ludhiana Fashion Supplies Pvt Ltd,Fashion,Ludhiana,Punjab,33ABCDE5898F1Z8,13,4.9,60 Days,Yes,Active,contact146@supplier.in
SUP0147,Mumbai Furniture Supplies Pvt Ltd,Furniture,Mumbai,Maharashtra,14ABCDE7153F1Z4,11,3.8,30 Days,No,Active,contact147@supplier.in
SUP0148,Jaipur Toys Supplies Pvt Ltd,Toys,Jaipur,Rajasthan,68ABCDE4064F1Z3,20,3.2,30 Days,No,Active,contact148@supplier.in
SUP0149,Kochi Electronics Supplies Pvt Ltd,Electronics,Kochi,Kerala,63ABCDE8257F1Z2,3,4.7,60 Days,Yes,Active,contact149@supplier.in
SUP0150,Ahmedabad Electronics Supplies Pvt Ltd,Electronics,Ahmedabad,Gujarat,85ABCDE6162F1Z9,9,3.8,45 Days,No,Active,contact150@supplier.in
SUP0151,New Delhi Toys Supplies Pvt Ltd,Toys,New Delhi,Delhi,89ABCDE9117F1Z4,3,3.4,60 Days,No,Active,contact151@supplier.in
SUP0152,New Delhi Sports Supplies Pvt Ltd,Sports,New Delhi,Delhi,95ABCDE2940F1Z9,10,3.7,60 Days,No,Active,contact152@supplier.in
SUP0153,New Delhi Fashion Supplies Pvt Ltd,Fashion,New Delhi,Delhi,16ABCDE7266F1Z3,3,3.2,30 Days,No,Active,contact153@supplier.in
SUP0154,Indore Furniture Supplies Pvt Ltd,Furniture,Indore,Madhya Pradesh,74ABCDE1304F1Z2,7,4.3,30 Days,No,Active,contact154@supplier.in
SUP0155,New Delhi Fashion Supplies Pvt Ltd,Fashion,New Delhi,Delhi,59ABCDE6673F1Z8,16,3.4,60 Days,No,Active,contact155@supplier.in
SUP0156,Bengaluru Toys Supplies Pvt Ltd,Toys,Bengaluru,Karnataka,48ABCDE3382F1Z1,15,4.2,60 Days,No,Active,contact156@supplier.in
SUP0157,Kolkata Toys Supplies Pvt Ltd,Toys,Kolkata,West Bengal,91ABCDE7519F1Z9,9,4.4,30 Days,No,Active,contact157@supplier.in
SUP0158,Ahmedabad Grocery Supplies Pvt Ltd,Grocery,Ahmedabad,Gujarat,85ABCDE9921F1Z9,2,3.7,60 Days,No,Inactive,contact158@supplier.in
SUP0159,New Delhi Sports Supplies Pvt Ltd,Sports,New Delhi,Delhi,38ABCDE7318F1Z8,21,4.9,60 Days,Yes,Active,contact159@supplier.in
SUP0160,Noida Furniture Supplies Pvt Ltd,Furniture,Noida,Uttar Pradesh,70ABCDE6153F1Z2,18,4.4,45 Days,No,Active,contact160@supplier.in
SUP0161,Ludhiana Fashion Supplies Pvt Ltd,Fashion,Ludhiana,Punjab,88ABCDE8090F1Z9,20,4.6,60 Days,Yes,Active,contact161@supplier.in
SUP0162,Hyderabad Grocery Supplies Pvt Ltd,Grocery,Hyderabad,Telangana,25ABCDE5192F1Z7,11,3.9,45 Days,No,Active,contact162@supplier.in
SUP0163,Jaipur Furniture Supplies Pvt Ltd,Furniture,Jaipur,Rajasthan,87ABCDE2550F1Z3,4,3.6,60 Days,No,Active,contact163@supplier.in
SUP0164,Mumbai Books Supplies Pvt Ltd,Books,Mumbai,Maharashtra,28ABCDE6976F1Z6,20,3.3,30 Days,No,Active,contact164@supplier.in
SUP0165,Noida Fashion Supplies Pvt Ltd,Fashion,Noida,Uttar Pradesh,58ABCDE5917F1Z5,10,3.6,60 Days,No,Active,contact165@supplier.in
SUP0166,Ahmedabad Home Appliances Supplies Pvt Ltd,Home Appliances,Ahmedabad,Gujarat,67ABCDE2492F1Z4,14,5.0,30 Days,Yes,Active,contact166@supplier.in
SUP0167,Kolkata Grocery Supplies Pvt Ltd,Grocery,Kolkata,West Bengal,47ABCDE4056F1Z3,19,3.4,45 Days,No,Active,contact167@supplier.in
SUP0168,Jaipur Books Supplies Pvt Ltd,Books,Jaipur,Rajasthan,97ABCDE7465F1Z9,5,4.7,45 Days,Yes,Active,contact168@supplier.in
SUP0169,Jaipur Furniture Supplies Pvt Ltd,Furniture,Jaipur,Rajasthan,70ABCDE9566F1Z8,15,3.8,45 Days,No,Active,contact169@supplier.in
SUP0170,Hyderabad Toys Supplies Pvt Ltd,Toys,Hyderabad,Telangana,20ABCDE5525F1Z7,7,3.9,30 Days,No,Active,contact170@supplier.in
SUP0171,Jaipur Beauty Supplies Pvt Ltd,Beauty,Jaipur,Rajasthan,58ABCDE6802F1Z2,13,4.0,45 Days,No,Active,contact171@supplier.in
SUP0172,Chennai Healthcare Supplies Pvt Ltd,Healthcare,Chennai,Tamil Nadu,37ABCDE2844F1Z1,16,3.2,30 Days,No,Active,contact172@supplier.in
SUP0173,Jaipur Grocery Supplies Pvt Ltd,Grocery,Jaipur,Rajasthan,70ABCDE4770F1Z8,15,3.4,30 Days,No,Active,contact173@supplier.in
SUP0174,Kochi Books Supplies Pvt Ltd,Books,Kochi,Kerala,38ABCDE9679F1Z2,16,4.9,30 Days,Yes,Active,contact174@supplier.in
SUP0175,Kochi Sports Supplies Pvt Ltd,Sports,Kochi,Kerala,48ABCDE1989F1Z2,11,3.4,30 Days,No,Active,contact175@supplier.in
SUP0176,Bengaluru Fashion Supplies Pvt Ltd,Fashion,Bengaluru,Karnataka,42ABCDE6209F1Z8,14,3.7,60 Days,No,Active,contact176@supplier.in
SUP0177,Ludhiana Fashion Supplies Pvt Ltd,Fashion,Ludhiana,Punjab,55ABCDE9920F1Z6,2,3.0,30 Days,No,Active,contact177@supplier.in
SUP0178,Hyderabad Books Supplies Pvt Ltd,Books,Hyderabad,Telangana,65ABCDE9895F1Z3,21,4.5,45 Days,Yes,Active,contact178@supplier.in
SUP0179,Kolkata Home Appliances Supplies Pvt Ltd,Home Appliances,Kolkata,West Bengal,78ABCDE5567F1Z5,20,3.4,60 Days,No,Active,contact179@supplier.in
SUP0180,Kochi Beauty Supplies Pvt Ltd,Beauty,Kochi,Kerala,58ABCDE1551F1Z3,19,4.9,45 Days,Yes,Active,contact180@supplier.in
SUP0181,Mumbai Toys Supplies Pvt Ltd,Toys,Mumbai,Maharashtra,95ABCDE1232F1Z7,14,3.6,30 Days,No,Active,contact181@supplier.in
SUP0182,Indore Healthcare Supplies Pvt Ltd,Healthcare,Indore,Madhya Pradesh,45ABCDE2213F1Z8,11,4.4,45 Days,No,Active,contact182@supplier.in
SUP0183,New Delhi Grocery Supplies Pvt Ltd,Grocery,New Delhi,Delhi,67ABCDE8109F1Z4,16,4.4,45 Days,No,Active,contact183@supplier.in
SUP0184,Mumbai Electronics Supplies Pvt Ltd,Electronics,Mumbai,Maharashtra,33ABCDE7551F1Z6,19,4.9,60 Days,Yes,Active,contact184@supplier.in
SUP0185,Ludhiana Electronics Supplies Pvt Ltd,Electronics,Ludhiana,Punjab,41ABCDE4593F1Z7,18,4.6,60 Days,Yes,Active,contact185@supplier.in
SUP0186,Jaipur Books Supplies Pvt Ltd,Books,Jaipur,Rajasthan,95ABCDE4388F1Z3,19,3.0,60 Days,No,Active,contact186@supplier.in
SUP0187,Ahmedabad Grocery Supplies Pvt Ltd,Grocery,Ahmedabad,Gujarat,29ABCDE3956F1Z6,21,3.7,45 Days,No,Active,contact187@supplier.in
SUP0188,New Delhi Sports Supplies Pvt Ltd,Sports,New Delhi,Delhi,90ABCDE1374F1Z1,14,3.4,60 Days,No,Active,contact188@supplier.in
SUP0189,Chennai Electronics Supplies Pvt Ltd,Electronics,Chennai,Tamil Nadu,41ABCDE4134F1Z6,8,3.3,30 Days,No,Active,contact189@supplier.in
SUP0190,Kochi Furniture Supplies Pvt Ltd,Furniture,Kochi,Kerala,29ABCDE3723F1Z9,6,3.7,30 Days,No,Active,contact190@supplier.in
SUP0191,Ahmedabad Toys Supplies Pvt Ltd,Toys,Ahmedabad,Gujarat,31ABCDE6556F1Z8,5,3.1,45 Days,No,Active,contact191@supplier.in
SUP0192,Jaipur Grocery Supplies Pvt Ltd,Grocery,Jaipur,Rajasthan,80ABCDE7511F1Z6,20,3.8,45 Days,No,Active,contact192@supplier.in
SUP0193,Kolkata Toys Supplies Pvt Ltd,Toys,Kolkata,West Bengal,81ABCDE7670F1Z9,14,3.4,60 Days,No,Active,contact193@supplier.in
SUP0194,Jaipur Home Appliances Supplies Pvt Ltd,Home Appliances,Jaipur,Rajasthan,79ABCDE7342F1Z1,12,4.3,60 Days,No,Active,contact194@supplier.in
SUP0195,Kolkata Home Appliances Supplies Pvt Ltd,Home Appliances,Kolkata,West Bengal,27ABCDE3722F1Z4,9,4.3,60 Days,No,Active,contact195@supplier.in
SUP0196,Mumbai Furniture Supplies Pvt Ltd,Furniture,Mumbai,Maharashtra,76ABCDE8489F1Z8,15,3.8,30 Days,No,Active,contact196@supplier.in
SUP0197,Bengaluru Beauty Supplies Pvt Ltd,Beauty,Bengaluru,Karnataka,83ABCDE8873F1Z1,3,4.0,60 Days,No,Active,contact197@supplier.in
SUP0198,New Delhi Grocery Supplies Pvt Ltd,Grocery,New Delhi,Delhi,27ABCDE6379F1Z3,10,4.9,30 Days,Yes,Active,contact198@supplier.in
SUP0199,Hyderabad Sports Supplies Pvt Ltd,Sports,Hyderabad,Telangana,36ABCDE6895F1Z4,7,3.7,60 Days,No,Active,contact199@supplier.in
SUP0200,Ahmedabad Electronics Supplies Pvt Ltd,Electronics,Ahmedabad,Gujarat,19ABCDE6167F1Z1,16,3.0,60 Days,No,Active,contact200@supplier.in
SUP0201,Chennai Home Appliances Supplies Pvt Ltd,Home Appliances,Chennai,Tamil Nadu,63ABCDE2217F1Z6,20,4.5,30 Days,Yes,Active,contact201@supplier.in
SUP0202,Jaipur Home Appliances Supplies Pvt Ltd,Home Appliances,Jaipur,Rajasthan,58ABCDE6965F1Z3,21,3.5,60 Days,No,Active,contact202@supplier.in
SUP0203,Noida Beauty Supplies Pvt Ltd,Beauty,Noida,Uttar Pradesh,32ABCDE8836F1Z6,13,4.0,60 Days,No,Active,contact203@supplier.in
SUP0204,New Delhi Fashion Supplies Pvt Ltd,Fashion,New Delhi,Delhi,83ABCDE9663F1Z4,5,3.8,45 Days,No,Active,contact204@supplier.in
SUP0205,New Delhi Healthcare Supplies Pvt Ltd,Healthcare,New Delhi,Delhi,48ABCDE2244F1Z4,19,3.6,45 Days,No,Active,contact205@supplier.in
SUP0206,Indore Furniture Supplies Pvt Ltd,Furniture,Indore,Madhya Pradesh,44ABCDE2339F1Z1,12,4.4,60 Days,No,Active,contact206@supplier.in
SUP0207,Noida Furniture Supplies Pvt Ltd,Furniture,Noida,Uttar Pradesh,43ABCDE9876F1Z2,18,5.0,45 Days,Yes,Active,contact207@supplier.in
SUP0208,Hyderabad Fashion Supplies Pvt Ltd,Fashion,Hyderabad,Telangana,75ABCDE8649F1Z9,17,3.3,30 Days,No,Active,contact208@supplier.in
SUP0209,Hyderabad Beauty Supplies Pvt Ltd,Beauty,Hyderabad,Telangana,11ABCDE2286F1Z8,18,3.1,60 Days,No,Active,contact209@supplier.in
SUP0210,Bengaluru Sports Supplies Pvt Ltd,Sports,Bengaluru,Karnataka,39ABCDE9162F1Z3,21,4.6,30 Days,Yes,Active,contact210@supplier.in
SUP0211,Noida Sports Supplies Pvt Ltd,Sports,Noida,Uttar Pradesh,84ABCDE7516F1Z1,14,4.8,45 Days,Yes,Active,contact211@supplier.in
SUP0212,Kochi Books Supplies Pvt Ltd,Books,Kochi,Kerala,88ABCDE8251F1Z1,19,3.1,30 Days,No,Active,contact212@supplier.in
SUP0213,Kolkata Toys Supplies Pvt Ltd,Toys,Kolkata,West Bengal,66ABCDE4875F1Z3,20,3.7,60 Days,No,Active,contact213@supplier.in
SUP0214,Hyderabad Home Appliances Supplies Pvt Ltd,Home Appliances,Hyderabad,Telangana,46ABCDE5753F1Z7,7,3.7,30 Days,No,Active,contact214@supplier.in
SUP0215,Mumbai Healthcare Supplies Pvt Ltd,Healthcare,Mumbai,Maharashtra,73ABCDE9754F1Z7,7,4.4,30 Days,No,Active,contact215@supplier.in
SUP0216,Kolkata Toys Supplies Pvt Ltd,Toys,Kolkata,West Bengal,18ABCDE6263F1Z4,14,4.7,30 Days,Yes,Active,contact216@supplier.in
SUP0217,New Delhi Books Supplies Pvt Ltd,Books,New Delhi,Delhi,50ABCDE8039F1Z5,12,4.8,60 Days,Yes,Active,contact217@supplier.in
SUP0218,Kochi Toys Supplies Pvt Ltd,Toys,Kochi,Kerala,52ABCDE3116F1Z6,18,3.3,45 Days,No,Active,contact218@supplier.in
SUP0219,Hyderabad Electronics Supplies Pvt Ltd,Electronics,Hyderabad,Telangana,19ABCDE5613F1Z8,11,4.8,60 Days,Yes,Active,contact219@supplier.in
SUP0220,Mumbai Electronics Supplies Pvt Ltd,Electronics,Mumbai,Maharashtra,34ABCDE2932F1Z1,5,4.2,60 Days,No,Active,contact220@supplier.in
SUP0221,Bengaluru Home Appliances Supplies Pvt Ltd,Home Appliances,Bengaluru,Karnataka,95ABCDE6610F1Z1,20,4.5,30 Days,Yes,Active,contact221@supplier.in
SUP0222,Hyderabad Books Supplies Pvt Ltd,Books,Hyderabad,Telangana,42ABCDE5943F1Z1,13,4.1,45 Days,No,Active,contact222@supplier.in
SUP0223,Noida Beauty Supplies Pvt Ltd,Beauty,Noida,Uttar Pradesh,32ABCDE3853F1Z6,6,3.2,60 Days,No,Active,contact223@supplier.in
SUP0224,Kolkata Furniture Supplies Pvt Ltd,Furniture,Kolkata,West Bengal,80ABCDE4106F1Z2,8,4.0,30 Days,No,Active,contact224@supplier.in
SUP0225,Chennai Healthcare Supplies Pvt Ltd,Healthcare,Chennai,Tamil Nadu,40ABCDE8095F1Z2,17,4.5,30 Days,Yes,Active,contact225@supplier.in
SUP0226,Ahmedabad Grocery Supplies Pvt Ltd,Grocery,Ahmedabad,Gujarat,56ABCDE9859F1Z8,14,4.8,60 Days,Yes,Active,contact226@supplier.in
SUP0227,Noida Sports Supplies Pvt Ltd,Sports,Noida,Uttar Pradesh,29ABCDE3756F1Z8,10,4.2,60 Days,No,Inactive,contact227@supplier.in
SUP0228,Kolkata Toys Supplies Pvt Ltd,Toys,Kolkata,West Bengal,63ABCDE6367F1Z5,10,4.1,60 Days,No,Active,contact228@supplier.in
SUP0229,Kochi Fashion Supplies Pvt Ltd,Fashion,Kochi,Kerala,88ABCDE5679F1Z7,16,5.0,45 Days,Yes,Active,contact229@supplier.in
SUP0230,Indore Beauty Supplies Pvt Ltd,Beauty,Indore,Madhya Pradesh,42ABCDE8399F1Z5,9,4.4,45 Days,No,Active,contact230@supplier.in
SUP0231,Kolkata Toys Supplies Pvt Ltd,Toys,Kolkata,West Bengal,51ABCDE7605F1Z7,16,4.6,30 Days,Yes,Active,contact231@supplier.in
SUP0232,Jaipur Electronics Supplies Pvt Ltd,Electronics,Jaipur,Rajasthan,52ABCDE7658F1Z1,11,4.7,60 Days,Yes,Active,contact232@supplier.in
SUP0233,Hyderabad Fashion Supplies Pvt Ltd,Fashion,Hyderabad,Telangana,95ABCDE9572F1Z5,12,3.2,60 Days,No,Active,contact233@supplier.in
SUP0234,Noida Fashion Supplies Pvt Ltd,Fashion,Noida,Uttar Pradesh,89ABCDE8626F1Z6,5,4.0,30 Days,No,Active,contact234@supplier.in
SUP0235,Ahmedabad Beauty Supplies Pvt Ltd,Beauty,Ahmedabad,Gujarat,67ABCDE5705F1Z4,3,4.8,30 Days,Yes,Active,contact235@supplier.in
SUP0236,Noida Sports Supplies Pvt Ltd,Sports,Noida,Uttar Pradesh,72ABCDE3176F1Z3,5,3.3,60 Days,No,Active,contact236@supplier.in
SUP0237,New Delhi Fashion Supplies Pvt Ltd,Fashion,New Delhi,Delhi,54ABCDE3028F1Z9,13,3.3,30 Days,No,Active,contact237@supplier.in
SUP0238,Kochi Home Appliances Supplies Pvt Ltd,Home Appliances,Kochi,Kerala,86ABCDE9816F1Z8,20,3.5,60 Days,No,Active,contact238@supplier.in
SUP0239,Noida Sports Supplies Pvt Ltd,Sports,Noida,Uttar Pradesh,49ABCDE7593F1Z7,18,3.5,60 Days,No,Active,contact239@supplier.in
SUP0240,Chennai Grocery Supplies Pvt Ltd,Grocery,Chennai,Tamil Nadu,47ABCDE2328F1Z7,14,3.6,30 Days,No,Active,contact240@supplier.in
SUP0241,Indore Fashion Supplies Pvt Ltd,Fashion,Indore,Madhya Pradesh,22ABCDE9380F1Z6,17,3.5,60 Days,No,Active,contact241@supplier.in
SUP0242,Ahmedabad Toys Supplies Pvt Ltd,Toys,Ahmedabad,Gujarat,56ABCDE9141F1Z8,3,4.0,30 Days,No,Active,contact242@supplier.in
SUP0243,Chennai Fashion Supplies Pvt Ltd,Fashion,Chennai,Tamil Nadu,31ABCDE5713F1Z4,3,4.0,45 Days,No,Active,contact243@supplier.in
SUP0244,Ahmedabad Toys Supplies Pvt Ltd,Toys,Ahmedabad,Gujarat,76ABCDE6318F1Z5,4,3.8,45 Days,No,Active,contact244@supplier.in
SUP0245,Indore Home Appliances Supplies Pvt Ltd,Home Appliances,Indore,Madhya Pradesh,69ABCDE6930F1Z6,14,3.9,45 Days,No,Active,contact245@supplier.in
SUP0246,New Delhi Electronics Supplies Pvt Ltd,Electronics,New Delhi,Delhi,63ABCDE6079F1Z2,4,4.9,30 Days,Yes,Active,contact246@supplier.in
SUP0247,Kolkata Grocery Supplies Pvt Ltd,Grocery,Kolkata,West Bengal,85ABCDE3088F1Z2,15,3.4,60 Days,No,Active,contact247@supplier.in
SUP0248,Jaipur Furniture Supplies Pvt Ltd,Furniture,Jaipur,Rajasthan,79ABCDE3149F1Z6,7,3.3,45 Days,No,Active,contact248@supplier.in
SUP0249,Chennai Beauty Supplies Pvt Ltd,Beauty,Chennai,Tamil Nadu,95ABCDE7759F1Z6,10,4.1,60 Days,No,Active,contact249@supplier.in
SUP0250,New Delhi Home Appliances Supplies Pvt Ltd,Home Appliances,New Delhi,Delhi,36ABCDE8896F1Z8,20,4.3,45 Days,No,Active,contact250@supplier.in
SUP0251,Noida Sports Supplies Pvt Ltd,Sports,Noida,Uttar Pradesh,53ABCDE6613F1Z7,18,3.0,45 Days,No,Active,contact251@supplier.in
SUP0252,Chennai Sports Supplies Pvt Ltd,Sports,Chennai,Tamil Nadu,16ABCDE8518F1Z3,16,4.8,60 Days,Yes,Active,contact252@supplier.in
SUP0253,Mumbai Sports Supplies Pvt Ltd,Sports,Mumbai,Maharashtra,40ABCDE9200F1Z6,3,3.2,30 Days,No,Active,contact253@supplier.in
SUP0254,Kolkata Fashion Supplies Pvt Ltd,Fashion,Kolkata,West Bengal,30ABCDE8896F1Z5,21,4.9,60 Days,Yes,Active,contact254@supplier.in
SUP0255,New Delhi Toys Supplies Pvt Ltd,Toys,New Delhi,Delhi,83ABCDE6251F1Z6,5,3.6,60 Days,No,Active,contact255@supplier.in
SUP0256,Jaipur Electronics Supplies Pvt Ltd,Electronics,Jaipur,Rajasthan,42ABCDE7680F1Z6,4,3.4,60 Days,No,Active,contact256@supplier.in
SUP0257,Bengaluru Healthcare Supplies Pvt Ltd,Healthcare,Bengaluru,Karnataka,77ABCDE6795F1Z5,20,4.9,60 Days,Yes,Active,contact257@supplier.in
SUP0258,Indore Electronics Supplies Pvt Ltd,Electronics,Indore,Madhya Pradesh,85ABCDE2652F1Z1,17,3.5,45 Days,No,Active,contact258@supplier.in
SUP0259,Jaipur Grocery Supplies Pvt Ltd,Grocery,Jaipur,Rajasthan,62ABCDE5605F1Z9,6,4.5,45 Days,Yes,Active,contact259@supplier.in
SUP0260,Noida Sports Supplies Pvt Ltd,Sports,Noida,Uttar Pradesh,84ABCDE7807F1Z2,19,4.4,60 Days,No,Active,contact260@supplier.in
SUP0261,Noida Beauty Supplies Pvt Ltd,Beauty,Noida,Uttar Pradesh,22ABCDE3058F1Z4,12,4.2,60 Days,No,Active,contact261@supplier.in
SUP0262,Ludhiana Furniture Supplies Pvt Ltd,Furniture,Ludhiana,Punjab,13ABCDE4371F1Z2,21,3.5,60 Days,No,Active,contact262@supplier.in
SUP0263,Hyderabad Furniture Supplies Pvt Ltd,Furniture,Hyderabad,Telangana,17ABCDE9445F1Z6,8,3.3,45 Days,No,Active,contact263@supplier.in
SUP0264,Ahmedabad Beauty Supplies Pvt Ltd,Beauty,Ahmedabad,Gujarat,62ABCDE5683F1Z7,11,4.4,60 Days,No,Active,contact264@supplier.in
SUP0265,Indore Toys Supplies Pvt Ltd,Toys,Indore,Madhya Pradesh,28ABCDE4038F1Z8,18,4.6,45 Days,Yes,Active,contact265@supplier.in
SUP0266,Noida Electronics Supplies Pvt Ltd,Electronics,Noida,Uttar Pradesh,14ABCDE8833F1Z3,9,4.4,60 Days,No,Active,contact266@supplier.in
SUP0267,Mumbai Fashion Supplies Pvt Ltd,Fashion,Mumbai,Maharashtra,86ABCDE2192F1Z7,17,4.0,45 Days,No,Active,contact267@supplier.in
SUP0268,Ludhiana Sports Supplies Pvt Ltd,Sports,Ludhiana,Punjab,54ABCDE5160F1Z1,18,4.6,30 Days,Yes,Active,contact268@supplier.in
SUP0269,Kolkata Sports Supplies Pvt Ltd,Sports,Kolkata,West Bengal,31ABCDE7403F1Z7,9,3.4,45 Days,No,Active,contact269@supplier.in
SUP0270,Ahmedabad Beauty Supplies Pvt Ltd,Beauty,Ahmedabad,Gujarat,56ABCDE7040F1Z6,20,4.1,60 Days,No,Active,contact270@supplier.in
SUP0271,Ludhiana Healthcare Supplies Pvt Ltd,Healthcare,Ludhiana,Punjab,69ABCDE6401F1Z6,9,4.0,45 Days,No,Active,contact271@supplier.in
SUP0272,Hyderabad Electronics Supplies Pvt Ltd,Electronics,Hyderabad,Telangana,57ABCDE5996F1Z6,9,3.7,45 Days,No,Active,contact272@supplier.in
SUP0273,Ahmedabad Grocery Supplies Pvt Ltd,Grocery,Ahmedabad,Gujarat,59ABCDE5642F1Z3,12,3.9,60 Days,No,Active,contact273@supplier.in
SUP0274,Hyderabad Sports Supplies Pvt Ltd,Sports,Hyderabad,Telangana,28ABCDE4688F1Z9,2,3.2,60 Days,No,Active,contact274@supplier.in
SUP0275,Chennai Toys Supplies Pvt Ltd,Toys,Chennai,Tamil Nadu,82ABCDE1731F1Z1,2,3.6,60 Days,No,Active,contact275@supplier.in
SUP0276,Hyderabad Healthcare Supplies Pvt Ltd,Healthcare,Hyderabad,Telangana,39ABCDE2001F1Z7,11,3.2,60 Days,No,Active,contact276@supplier.in
SUP0277,Chennai Grocery Supplies Pvt Ltd,Grocery,Chennai,Tamil Nadu,35ABCDE8045F1Z2,13,4.6,45 Days,Yes,Active,contact277@supplier.in
SUP0278,Kochi Toys Supplies Pvt Ltd,Toys,Kochi,Kerala,55ABCDE6998F1Z3,15,4.2,30 Days,No,Active,contact278@supplier.in
SUP0279,Ahmedabad Home Appliances Supplies Pvt Ltd,Home Appliances,Ahmedabad,Gujarat,34ABCDE3992F1Z9,11,4.0,30 Days,No,Active,contact279@supplier.in
SUP0280,Noida Sports Supplies Pvt Ltd,Sports,Noida,Uttar Pradesh,56ABCDE7692F1Z7,15,4.6,45 Days,Yes,Active,contact280@supplier.in
SUP0281,Chennai Books Supplies Pvt Ltd,Books,Chennai,Tamil Nadu,75ABCDE7976F1Z1,12,3.4,45 Days,No,Active,contact281@supplier.in
SUP0282,Mumbai Toys Supplies Pvt Ltd,Toys,Mumbai,Maharashtra,38ABCDE8335F1Z5,11,4.5,45 Days,Yes,Active,contact282@supplier.in
SUP0283,Indore Home Appliances Supplies Pvt Ltd,Home Appliances,Indore,Madhya Pradesh,29ABCDE2835F1Z9,4,3.9,30 Days,No,Active,contact283@supplier.in
SUP0284,Bengaluru Grocery Supplies Pvt Ltd,Grocery,Bengaluru,Karnataka,49ABCDE1825F1Z9,18,3.6,60 Days,No,Active,contact284@supplier.in
SUP0285,Bengaluru Grocery Supplies Pvt Ltd,Grocery,Bengaluru,Karnataka,86ABCDE7234F1Z5,15,3.7,30 Days,No,Active,contact285@supplier.in
SUP0286,Jaipur Electronics Supplies Pvt Ltd,Electronics,Jaipur,Rajasthan,86ABCDE1559F1Z3,9,4.4,30 Days,No,Active,contact286@supplier.in
SUP0287,Noida Beauty Supplies Pvt Ltd,Beauty,Noida,Uttar Pradesh,89ABCDE3559F1Z8,9,3.5,45 Days,No,Active,contact287@supplier.in
SUP0288,Chennai Furniture Supplies Pvt Ltd,Furniture,Chennai,Tamil Nadu,85ABCDE2804F1Z7,13,4.5,45 Days,Yes,Active,contact288@supplier.in
SUP0289,Chennai Fashion Supplies Pvt Ltd,Fashion,Chennai,Tamil Nadu,84ABCDE8149F1Z6,20,4.2,45 Days,No,Active,contact289@supplier.in
SUP0290,Mumbai Grocery Supplies Pvt Ltd,Grocery,Mumbai,Maharashtra,22ABCDE5614F1Z7,12,3.8,30 Days,No,Active,contact290@supplier.in
SUP0291,Kochi Sports Supplies Pvt Ltd,Sports,Kochi,Kerala,61ABCDE4405F1Z9,4,4.9,45 Days,Yes,Active,contact291@supplier.in
SUP0292,Kochi Electronics Supplies Pvt Ltd,Electronics,Kochi,Kerala,40ABCDE2490F1Z3,3,4.1,30 Days,No,Active,contact292@supplier.in
SUP0293,New Delhi Grocery Supplies Pvt Ltd,Grocery,New Delhi,Delhi,30ABCDE9088F1Z9,21,3.1,30 Days,No,Active,contact293@supplier.in
SUP0294,Ludhiana Toys Supplies Pvt Ltd,Toys,Ludhiana,Punjab,44ABCDE9565F1Z4,8,4.5,45 Days,Yes,Active,contact294@supplier.in
SUP0295,Ludhiana Beauty Supplies Pvt Ltd,Beauty,Ludhiana,Punjab,12ABCDE8807F1Z2,21,3.9,30 Days,No,Active,contact295@supplier.in
SUP0296,Kolkata Beauty Supplies Pvt Ltd,Beauty,Kolkata,West Bengal,20ABCDE5096F1Z3,16,3.1,60 Days,No,Active,contact296@supplier.in
SUP0297,Mumbai Healthcare Supplies Pvt Ltd,Healthcare,Mumbai,Maharashtra,56ABCDE8857F1Z8,14,4.5,30 Days,Yes,Active,contact297@supplier.in
SUP0298,Noida Fashion Supplies Pvt Ltd,Fashion,Noida,Uttar Pradesh,80ABCDE7802F1Z8,19,4.9,60 Days,Yes,Active,contact298@supplier.in
SUP0299,Chennai Healthcare Supplies Pvt Ltd,Healthcare,Chennai,Tamil Nadu,99ABCDE6291F1Z3,9,4.7,30 Days,Yes,Active,contact299@supplier.in
SUP0300,Chennai Home Appliances Supplies Pvt Ltd,Home Appliances,Chennai,Tamil Nadu,87ABCDE4805F1Z1,19,3.9,60 Days,No,Active,contact300@supplier.in
SUP0301,Kochi Furniture Supplies Pvt Ltd,Furniture,Kochi,Kerala,97ABCDE3675F1Z9,5,4.3,45 Days,No,Active,contact301@supplier.in
SUP0302,Indore Grocery Supplies Pvt Ltd,Grocery,Indore,Madhya Pradesh,87ABCDE6582F1Z6,20,4.9,45 Days,Yes,Active,contact302@supplier.in
SUP0303,New Delhi Books Supplies Pvt Ltd,Books,New Delhi,Delhi,11ABCDE4852F1Z7,15,4.0,45 Days,No,Active,contact303@supplier.in
SUP0304,New Delhi Fashion Supplies Pvt Ltd,Fashion,New Delhi,Delhi,35ABCDE9063F1Z1,12,4.4,45 Days,No,Active,contact304@supplier.in
SUP0305,New Delhi Home Appliances Supplies Pvt Ltd,Home Appliances,New Delhi,Delhi,48ABCDE7515F1Z2,16,3.2,60 Days,No,Active,contact305@supplier.in
SUP0306,Bengaluru Furniture Supplies Pvt Ltd,Furniture,Bengaluru,Karnataka,86ABCDE2133F1Z7,18,3.7,60 Days,No,Active,contact306@supplier.in
SUP0307,Noida Home Appliances Supplies Pvt Ltd,Home Appliances,Noida,Uttar Pradesh,73ABCDE1957F1Z8,20,3.0,60 Days,No,Active,contact307@supplier.in
SUP0308,Jaipur Healthcare Supplies Pvt Ltd,Healthcare,Jaipur,Rajasthan,48ABCDE3789F1Z1,20,4.7,45 Days,Yes,Active,contact308@supplier.in
SUP0309,Jaipur Books Supplies Pvt Ltd,Books,Jaipur,Rajasthan,35ABCDE8779F1Z1,12,3.9,30 Days,No,Active,contact309@supplier.in
SUP0310,Bengaluru Electronics Supplies Pvt Ltd,Electronics,Bengaluru,Karnataka,59ABCDE2736F1Z3,13,3.6,30 Days,No,Active,contact310@supplier.in
SUP0311,Kochi Healthcare Supplies Pvt Ltd,Healthcare,Kochi,Kerala,53ABCDE1389F1Z1,5,3.5,60 Days,No,Inactive,contact311@supplier.in
SUP0312,Kochi Grocery Supplies Pvt Ltd,Grocery,Kochi,Kerala,56ABCDE4084F1Z1,14,4.2,60 Days,No,Active,contact312@supplier.in
SUP0313,Indore Toys Supplies Pvt Ltd,Toys,Indore,Madhya Pradesh,99ABCDE8766F1Z6,7,3.2,60 Days,No,Active,contact313@supplier.in
SUP0314,Ludhiana Fashion Supplies Pvt Ltd,Fashion,Ludhiana,Punjab,33ABCDE5507F1Z6,21,3.8,45 Days,No,Active,contact314@supplier.in
SUP0315,Ahmedabad Sports Supplies Pvt Ltd,Sports,Ahmedabad,Gujarat,41ABCDE1194F1Z9,11,4.0,30 Days,No,Active,contact315@supplier.in
SUP0316,New Delhi Toys Supplies Pvt Ltd,Toys,New Delhi,Delhi,94ABCDE2829F1Z8,15,3.8,30 Days,No,Active,contact316@supplier.in
SUP0317,Jaipur Healthcare Supplies Pvt Ltd,Healthcare,Jaipur,Rajasthan,37ABCDE5403F1Z5,5,4.2,60 Days,No,Active,contact317@supplier.in
SUP0318,Ludhiana Grocery Supplies Pvt Ltd,Grocery,Ludhiana,Punjab,96ABCDE4603F1Z8,3,4.7,45 Days,Yes,Active,contact318@supplier.in
SUP0319,Kochi Grocery Supplies Pvt Ltd,Grocery,Kochi,Kerala,50ABCDE1524F1Z9,3,3.2,45 Days,No,Active,contact319@supplier.in
SUP0320,Indore Electronics Supplies Pvt Ltd,Electronics,Indore,Madhya Pradesh,16ABCDE7859F1Z2,14,4.4,45 Days,No,Active,contact320@supplier.in
SUP0321,Jaipur Grocery Supplies Pvt Ltd,Grocery,Jaipur,Rajasthan,64ABCDE2846F1Z9,20,3.1,45 Days,No,Active,contact321@supplier.in
SUP0322,Indore Fashion Supplies Pvt Ltd,Fashion,Indore,Madhya Pradesh,41ABCDE9436F1Z7,16,3.7,30 Days,No,Active,contact322@supplier.in
SUP0323,Ahmedabad Home Appliances Supplies Pvt Ltd,Home Appliances,Ahmedabad,Gujarat,70ABCDE5190F1Z4,18,3.6,60 Days,No,Active,contact323@supplier.in
SUP0324,Jaipur Fashion Supplies Pvt Ltd,Fashion,Jaipur,Rajasthan,98ABCDE6862F1Z6,8,3.4,60 Days,No,Active,contact324@supplier.in
SUP0325,Bengaluru Grocery Supplies Pvt Ltd,Grocery,Bengaluru,Karnataka,83ABCDE5992F1Z1,15,4.9,30 Days,Yes,Active,contact325@supplier.in
SUP0326,Ahmedabad Furniture Supplies Pvt Ltd,Furniture,Ahmedabad,Gujarat,26ABCDE7773F1Z5,17,4.2,60 Days,No,Active,contact326@supplier.in
SUP0327,Hyderabad Grocery Supplies Pvt Ltd,Grocery,Hyderabad,Telangana,99ABCDE3208F1Z9,2,3.4,30 Days,No,Active,contact327@supplier.in
SUP0328,Kolkata Toys Supplies Pvt Ltd,Toys,Kolkata,West Bengal,82ABCDE5090F1Z2,16,5.0,30 Days,Yes,Active,contact328@supplier.in
SUP0329,Ludhiana Grocery Supplies Pvt Ltd,Grocery,Ludhiana,Punjab,55ABCDE1891F1Z3,17,3.1,45 Days,No,Active,contact329@supplier.in
SUP0330,Ludhiana Healthcare Supplies Pvt Ltd,Healthcare,Ludhiana,Punjab,83ABCDE6749F1Z2,3,4.8,30 Days,Yes,Active,contact330@supplier.in
SUP0331,Hyderabad Beauty Supplies Pvt Ltd,Beauty,Hyderabad,Telangana,78ABCDE6061F1Z4,9,3.7,30 Days,No,Active,contact331@supplier.in
SUP0332,Ludhiana Healthcare Supplies Pvt Ltd,Healthcare,Ludhiana,Punjab,51ABCDE8842F1Z7,6,4.1,30 Days,No,Active,contact332@supplier.in
SUP0333,Jaipur Electronics Supplies Pvt Ltd,Electronics,Jaipur,Rajasthan,85ABCDE1120F1Z8,16,3.8,30 Days,No,Active,contact333@supplier.in
SUP0334,Noida Sports Supplies Pvt Ltd,Sports,Noida,Uttar Pradesh,77ABCDE2022F1Z4,3,4.9,45 Days,Yes,Active,contact334@supplier.in
SUP0335,Bengaluru Home Appliances Supplies Pvt Ltd,Home Appliances,Bengaluru,Karnataka,79ABCDE7185F1Z7,19,4.5,30 Days,Yes,Active,contact335@supplier.in
SUP0336,Indore Fashion Supplies Pvt Ltd,Fashion,Indore,Madhya Pradesh,30ABCDE8784F1Z9,18,3.5,30 Days,No,Active,contact336@supplier.in
SUP0337,Mumbai Healthcare Supplies Pvt Ltd,Healthcare,Mumbai,Maharashtra,25ABCDE6021F1Z1,6,4.2,45 Days,No,Active,contact337@supplier.in
SUP0338,Hyderabad Fashion Supplies Pvt Ltd,Fashion,Hyderabad,Telangana,47ABCDE2005F1Z6,2,3.6,30 Days,No,Active,contact338@supplier.in
SUP0339,Ludhiana Electronics Supplies Pvt Ltd,Electronics,Ludhiana,Punjab,50ABCDE2746F1Z7,12,3.3,60 Days,No,Active,contact339@supplier.in
SUP0340,Kochi Books Supplies Pvt Ltd,Books,Kochi,Kerala,90ABCDE6770F1Z1,17,4.9,60 Days,Yes,Active,contact340@supplier.in
SUP0341,Ahmedabad Beauty Supplies Pvt Ltd,Beauty,Ahmedabad,Gujarat,57ABCDE2306F1Z6,7,3.6,45 Days,No,Active,contact341@supplier.in
SUP0342,Hyderabad Fashion Supplies Pvt Ltd,Fashion,Hyderabad,Telangana,40ABCDE6815F1Z8,19,3.7,30 Days,No,Active,contact342@supplier.in
SUP0343,Noida Home Appliances Supplies Pvt Ltd,Home Appliances,Noida,Uttar Pradesh,77ABCDE8678F1Z4,15,3.2,30 Days,No,Active,contact343@supplier.in
SUP0344,Mumbai Home Appliances Supplies Pvt Ltd,Home Appliances,Mumbai,Maharashtra,80ABCDE5586F1Z6,13,3.9,45 Days,No,Active,contact344@supplier.in
SUP0345,Ahmedabad Electronics Supplies Pvt Ltd,Electronics,Ahmedabad,Gujarat,58ABCDE1764F1Z5,5,4.3,60 Days,No,Active,contact345@supplier.in
SUP0346,Kolkata Beauty Supplies Pvt Ltd,Beauty,Kolkata,West Bengal,68ABCDE2454F1Z8,12,4.8,30 Days,Yes,Active,contact346@supplier.in
SUP0347,Hyderabad Home Appliances Supplies Pvt Ltd,Home Appliances,Hyderabad,Telangana,63ABCDE9702F1Z7,16,4.5,30 Days,Yes,Active,contact347@supplier.in
SUP0348,New Delhi Furniture Supplies Pvt Ltd,Furniture,New Delhi,Delhi,96ABCDE3302F1Z8,10,3.3,45 Days,No,Active,contact348@supplier.in
SUP0349,Mumbai Toys Supplies Pvt Ltd,Toys,Mumbai,Maharashtra,69ABCDE6354F1Z9,9,4.2,30 Days,No,Active,contact349@supplier.in
SUP0350,Chennai Toys Supplies Pvt Ltd,Toys,Chennai,Tamil Nadu,31ABCDE6229F1Z6,6,3.9,45 Days,No,Active,contact350@supplier.in
SUP0351,Ludhiana Sports Supplies Pvt Ltd,Sports,Ludhiana,Punjab,43ABCDE5450F1Z5,16,3.9,60 Days,No,Active,contact351@supplier.in
SUP0352,Ahmedabad Toys Supplies Pvt Ltd,Toys,Ahmedabad,Gujarat,85ABCDE6174F1Z4,16,4.0,30 Days,No,Active,contact352@supplier.in
SUP0353,Noida Grocery Supplies Pvt Ltd,Grocery,Noida,Uttar Pradesh,39ABCDE1667F1Z9,14,4.3,60 Days,No,Active,contact353@supplier.in
SUP0354,Kochi Home Appliances Supplies Pvt Ltd,Home Appliances,Kochi,Kerala,95ABCDE5058F1Z4,11,4.8,45 Days,Yes,Active,contact354@supplier.in
SUP0355,Kochi Furniture Supplies Pvt Ltd,Furniture,Kochi,Kerala,35ABCDE7577F1Z4,17,3.4,60 Days,No,Active,contact355@supplier.in
SUP0356,Hyderabad Beauty Supplies Pvt Ltd,Beauty,Hyderabad,Telangana,45ABCDE2721F1Z9,4,3.4,60 Days,No,Active,contact356@supplier.in
SUP0357,Jaipur Sports Supplies Pvt Ltd,Sports,Jaipur,Rajasthan,59ABCDE2690F1Z7,19,4.5,30 Days,Yes,Active,contact357@supplier.in
SUP0358,Ludhiana Fashion Supplies Pvt Ltd,Fashion,Ludhiana,Punjab,77ABCDE8103F1Z4,11,3.7,60 Days,No,Active,contact358@supplier.in
SUP0359,Kolkata Fashion Supplies Pvt Ltd,Fashion,Kolkata,West Bengal,55ABCDE7615F1Z2,4,3.5,45 Days,No,Active,contact359@supplier.in
SUP0360,Chennai Grocery Supplies Pvt Ltd,Grocery,Chennai,Tamil Nadu,80ABCDE3263F1Z1,19,4.4,60 Days,No,Active,contact360@supplier.in
SUP0361,Indore Books Supplies Pvt Ltd,Books,Indore,Madhya Pradesh,47ABCDE2937F1Z2,6,3.2,30 Days,No,Active,contact361@supplier.in
SUP0362,New Delhi Furniture Supplies Pvt Ltd,Furniture,New Delhi,Delhi,96ABCDE2251F1Z4,9,3.9,30 Days,No,Active,contact362@supplier.in
SUP0363,Indore Electronics Supplies Pvt Ltd,Electronics,Indore,Madhya Pradesh,61ABCDE9972F1Z7,8,4.6,30 Days,Yes,Active,contact363@supplier.in
SUP0364,Ahmedabad Books Supplies Pvt Ltd,Books,Ahmedabad,Gujarat,88ABCDE2483F1Z9,20,4.8,45 Days,Yes,Active,contact364@supplier.in
SUP0365,Kochi Healthcare Supplies Pvt Ltd,Healthcare,Kochi,Kerala,87ABCDE1321F1Z5,3,3.5,30 Days,No,Active,contact365@supplier.in
SUP0366,Indore Sports Supplies Pvt Ltd,Sports,Indore,Madhya Pradesh,36ABCDE4495F1Z8,6,4.8,30 Days,Yes,Active,contact366@supplier.in
SUP0367,Chennai Fashion Supplies Pvt Ltd,Fashion,Chennai,Tamil Nadu,10ABCDE5798F1Z5,16,5.0,30 Days,Yes,Active,contact367@supplier.in
SUP0368,Hyderabad Furniture Supplies Pvt Ltd,Furniture,Hyderabad,Telangana,57ABCDE9462F1Z3,6,4.6,60 Days,Yes,Active,contact368@supplier.in
SUP0369,Noida Electronics Supplies Pvt Ltd,Electronics,Noida,Uttar Pradesh,92ABCDE5447F1Z3,10,4.2,45 Days,No,Active,contact369@supplier.in
SUP0370,Kolkata Furniture Supplies Pvt Ltd,Furniture,Kolkata,West Bengal,43ABCDE6172F1Z2,20,4.8,60 Days,Yes,Active,contact370@supplier.in
SUP0371,Ludhiana Beauty Supplies Pvt Ltd,Beauty,Ludhiana,Punjab,89ABCDE5410F1Z6,12,3.3,30 Days,No,Active,contact371@supplier.in
SUP0372,Hyderabad Fashion Supplies Pvt Ltd,Fashion,Hyderabad,Telangana,70ABCDE2218F1Z8,12,3.5,30 Days,No,Active,contact372@supplier.in
SUP0373,Hyderabad Furniture Supplies Pvt Ltd,Furniture,Hyderabad,Telangana,91ABCDE7112F1Z5,14,3.6,60 Days,No,Active,contact373@supplier.in
SUP0374,Noida Home Appliances Supplies Pvt Ltd,Home Appliances,Noida,Uttar Pradesh,23ABCDE6084F1Z3,10,5.0,30 Days,Yes,Active,contact374@supplier.in
SUP0375,Jaipur Home Appliances Supplies Pvt Ltd,Home Appliances,Jaipur,Rajasthan,47ABCDE2426F1Z9,13,3.8,30 Days,No,Active,contact375@supplier.in
SUP0376,Kochi Grocery Supplies Pvt Ltd,Grocery,Kochi,Kerala,39ABCDE6908F1Z5,17,3.7,45 Days,No,Active,contact376@supplier.in
SUP0377,Mumbai Electronics Supplies Pvt Ltd,Electronics,Mumbai,Maharashtra,30ABCDE5801F1Z7,21,3.0,60 Days,No,Active,contact377@supplier.in
SUP0378,Ludhiana Beauty Supplies Pvt Ltd,Beauty,Ludhiana,Punjab,29ABCDE8767F1Z6,18,3.6,60 Days,No,Active,contact378@supplier.in
SUP0379,Ludhiana Fashion Supplies Pvt Ltd,Fashion,Ludhiana,Punjab,94ABCDE9828F1Z7,4,3.8,45 Days,No,Active,contact379@supplier.in
SUP0380,Mumbai Electronics Supplies Pvt Ltd,Electronics,Mumbai,Maharashtra,60ABCDE3155F1Z1,8,3.8,30 Days,No,Active,contact380@supplier.in
SUP0381,New Delhi Electronics Supplies Pvt Ltd,Electronics,New Delhi,Delhi,15ABCDE2028F1Z7,12,4.2,60 Days,No,Active,contact381@supplier.in
SUP0382,New Delhi Toys Supplies Pvt Ltd,Toys,New Delhi,Delhi,89ABCDE6434F1Z1,7,4.4,30 Days,No,Active,contact382@supplier.in
SUP0383,Indore Toys Supplies Pvt Ltd,Toys,Indore,Madhya Pradesh,49ABCDE5796F1Z2,2,3.7,45 Days,No,Active,contact383@supplier.in
SUP0384,Noida Toys Supplies Pvt Ltd,Toys,Noida,Uttar Pradesh,85ABCDE3879F1Z2,13,3.2,60 Days,No,Active,contact384@supplier.in
SUP0385,Jaipur Fashion Supplies Pvt Ltd,Fashion,Jaipur,Rajasthan,19ABCDE6352F1Z6,7,4.5,60 Days,Yes,Active,contact385@supplier.in
SUP0386,New Delhi Books Supplies Pvt Ltd,Books,New Delhi,Delhi,92ABCDE4297F1Z9,5,3.9,60 Days,No,Active,contact386@supplier.in
SUP0387,Kolkata Fashion Supplies Pvt Ltd,Fashion,Kolkata,West Bengal,95ABCDE2922F1Z3,13,4.0,30 Days,No,Active,contact387@supplier.in
SUP0388,Ludhiana Healthcare Supplies Pvt Ltd,Healthcare,Ludhiana,Punjab,94ABCDE6782F1Z6,4,4.3,30 Days,No,Active,contact388@supplier.in
SUP0389,Kochi Toys Supplies Pvt Ltd,Toys,Kochi,Kerala,10ABCDE2344F1Z6,17,3.5,60 Days,No,Active,contact389@supplier.in
SUP0390,Indore Grocery Supplies Pvt Ltd,Grocery,Indore,Madhya Pradesh,70ABCDE3541F1Z5,18,4.9,45 Days,Yes,Active,contact390@supplier.in
SUP0391,Noida Toys Supplies Pvt Ltd,Toys,Noida,Uttar Pradesh,87ABCDE8409F1Z2,18,3.3,30 Days,No,Active,contact391@supplier.in
SUP0392,Jaipur Toys Supplies Pvt Ltd,Toys,Jaipur,Rajasthan,56ABCDE6105F1Z3,17,3.5,60 Days,No,Active,contact392@supplier.in
SUP0393,Noida Beauty Supplies Pvt Ltd,Beauty,Noida,Uttar Pradesh,23ABCDE4766F1Z4,11,3.5,45 Days,No,Active,contact393@supplier.in
SUP0394,Ahmedabad Grocery Supplies Pvt Ltd,Grocery,Ahmedabad,Gujarat,11ABCDE1264F1Z9,16,3.1,45 Days,No,Active,contact394@supplier.in
SUP0395,Mumbai Healthcare Supplies Pvt Ltd,Healthcare,Mumbai,Maharashtra,24ABCDE2473F1Z6,2,3.1,45 Days,No,Active,contact395@supplier.in
SUP0396,Bengaluru Home Appliances Supplies Pvt Ltd,Home Appliances,Bengaluru,Karnataka,70ABCDE4409F1Z9,12,3.5,45 Days,No,Active,contact396@supplier.in
SUP0397,New Delhi Sports Supplies Pvt Ltd,Sports,New Delhi,Delhi,54ABCDE4942F1Z7,9,3.8,30 Days,No,Active,contact397@supplier.in
SUP0398,Kochi Grocery Supplies Pvt Ltd,Grocery,Kochi,Kerala,70ABCDE5500F1Z4,14,5.0,60 Days,Yes,Active,contact398@supplier.in
SUP0399,Bengaluru Grocery Supplies Pvt Ltd,Grocery,Bengaluru,Karnataka,42ABCDE4952F1Z3,14,4.5,60 Days,Yes,Active,contact399@supplier.in
SUP0400,Ahmedabad Home Appliances Supplies Pvt Ltd,Home Appliances,Ahmedabad,Gujarat,49ABCDE1921F1Z3,19,3.3,60 Days,No,Active,contact400@supplier.in
SUP0401,Mumbai Sports Supplies Pvt Ltd,Sports,Mumbai,Maharashtra,75ABCDE2576F1Z2,10,3.3,60 Days,No,Active,contact401@supplier.in
SUP0402,Indore Books Supplies Pvt Ltd,Books,Indore,Madhya Pradesh,22ABCDE2724F1Z4,15,3.7,45 Days,No,Active,contact402@supplier.in
SUP0403,Kolkata Toys Supplies Pvt Ltd,Toys,Kolkata,West Bengal,43ABCDE8776F1Z3,18,3.5,30 Days,No,Active,contact403@supplier.in
SUP0404,Mumbai Electronics Supplies Pvt Ltd,Electronics,Mumbai,Maharashtra,62ABCDE7239F1Z7,14,3.8,30 Days,No,Active,contact404@supplier.in
SUP0405,New Delhi Healthcare Supplies Pvt Ltd,Healthcare,New Delhi,Delhi,67ABCDE2801F1Z8,18,4.0,30 Days,No,Active,contact405@supplier.in
SUP0406,Kochi Home Appliances Supplies Pvt Ltd,Home Appliances,Kochi,Kerala,67ABCDE9449F1Z7,4,4.8,30 Days,Yes,Active,contact406@supplier.in
SUP0407,Kolkata Grocery Supplies Pvt Ltd,Grocery,Kolkata,West Bengal,15ABCDE6502F1Z6,12,4.0,60 Days,No,Active,contact407@supplier.in
SUP0408,Mumbai Home Appliances Supplies Pvt Ltd,Home Appliances,Mumbai,Maharashtra,42ABCDE4321F1Z9,18,4.9,45 Days,Yes,Active,contact408@supplier.in
SUP0409,Chennai Books Supplies Pvt Ltd,Books,Chennai,Tamil Nadu,30ABCDE7734F1Z2,2,4.7,45 Days,Yes,Active,contact409@supplier.in
SUP0410,Ludhiana Books Supplies Pvt Ltd,Books,Ludhiana,Punjab,87ABCDE1494F1Z9,12,4.9,60 Days,Yes,Active,contact410@supplier.in
SUP0411,Kochi Furniture Supplies Pvt Ltd,Furniture,Kochi,Kerala,88ABCDE9743F1Z2,14,3.0,30 Days,No,Active,contact411@supplier.in
SUP0412,Ludhiana Furniture Supplies Pvt Ltd,Furniture,Ludhiana,Punjab,45ABCDE4051F1Z8,3,4.9,60 Days,Yes,Active,contact412@supplier.in
SUP0413,Jaipur Grocery Supplies Pvt Ltd,Grocery,Jaipur,Rajasthan,43ABCDE6458F1Z2,12,3.0,45 Days,No,Active,contact413@supplier.in
SUP0414,Noida Furniture Supplies Pvt Ltd,Furniture,Noida,Uttar Pradesh,85ABCDE5918F1Z7,9,3.2,60 Days,No,Active,contact414@supplier.in
SUP0415,New Delhi Toys Supplies Pvt Ltd,Toys,New Delhi,Delhi,14ABCDE7626F1Z2,10,3.7,30 Days,No,Active,contact415@supplier.in
SUP0416,Ludhiana Grocery Supplies Pvt Ltd,Grocery,Ludhiana,Punjab,12ABCDE1403F1Z2,14,4.8,30 Days,Yes,Active,contact416@supplier.in
SUP0417,New Delhi Grocery Supplies Pvt Ltd,Grocery,New Delhi,Delhi,37ABCDE6275F1Z7,15,4.9,45 Days,Yes,Active,contact417@supplier.in
SUP0418,Jaipur Toys Supplies Pvt Ltd,Toys,Jaipur,Rajasthan,12ABCDE9985F1Z2,12,3.5,45 Days,No,Active,contact418@supplier.in
SUP0419,Hyderabad Fashion Supplies Pvt Ltd,Fashion,Hyderabad,Telangana,29ABCDE2917F1Z8,16,3.0,60 Days,No,Active,contact419@supplier.in
SUP0420,Kochi Books Supplies Pvt Ltd,Books,Kochi,Kerala,90ABCDE4050F1Z6,14,3.3,45 Days,No,Active,contact420@supplier.in
SUP0421,Indore Home Appliances Supplies Pvt Ltd,Home Appliances,Indore,Madhya Pradesh,40ABCDE1410F1Z7,18,3.8,60 Days,No,Active,contact421@supplier.in
SUP0422,Mumbai Electronics Supplies Pvt Ltd,Electronics,Mumbai,Maharashtra,97ABCDE2307F1Z6,18,4.2,45 Days,No,Active,contact422@supplier.in
SUP0423,Ahmedabad Fashion Supplies Pvt Ltd,Fashion,Ahmedabad,Gujarat,36ABCDE6256F1Z7,21,4.4,60 Days,No,Active,contact423@supplier.in
SUP0424,Mumbai Toys Supplies Pvt Ltd,Toys,Mumbai,Maharashtra,29ABCDE1295F1Z8,21,3.4,60 Days,No,Active,contact424@supplier.in
SUP0425,Hyderabad Beauty Supplies Pvt Ltd,Beauty,Hyderabad,Telangana,83ABCDE4726F1Z2,13,4.1,30 Days,No,Active,contact425@supplier.in
SUP0426,Noida Healthcare Supplies Pvt Ltd,Healthcare,Noida,Uttar Pradesh,26ABCDE8859F1Z1,20,4.7,45 Days,Yes,Active,contact426@supplier.in
SUP0427,Noida Furniture Supplies Pvt Ltd,Furniture,Noida,Uttar Pradesh,77ABCDE2086F1Z6,12,3.7,30 Days,No,Active,contact427@supplier.in
SUP0428,Ludhiana Healthcare Supplies Pvt Ltd,Healthcare,Ludhiana,Punjab,26ABCDE9698F1Z8,19,3.7,30 Days,No,Active,contact428@supplier.in
SUP0429,Jaipur Grocery Supplies Pvt Ltd,Grocery,Jaipur,Rajasthan,70ABCDE6502F1Z9,2,4.8,60 Days,Yes,Active,contact429@supplier.in
SUP0430,New Delhi Home Appliances Supplies Pvt Ltd,Home Appliances,New Delhi,Delhi,84ABCDE3753F1Z5,18,3.4,45 Days,No,Active,contact430@supplier.in
SUP0431,Chennai Furniture Supplies Pvt Ltd,Furniture,Chennai,Tamil Nadu,31ABCDE9281F1Z5,18,3.1,60 Days,No,Active,contact431@supplier.in
SUP0432,Jaipur Electronics Supplies Pvt Ltd,Electronics,Jaipur,Rajasthan,67ABCDE1474F1Z1,12,4.0,45 Days,No,Active,contact432@supplier.in
SUP0433,Mumbai Electronics Supplies Pvt Ltd,Electronics,Mumbai,Maharashtra,99ABCDE3098F1Z8,5,3.2,45 Days,No,Active,contact433@supplier.in
SUP0434,New Delhi Grocery Supplies Pvt Ltd,Grocery,New Delhi,Delhi,78ABCDE1946F1Z3,12,3.3,45 Days,No,Active,contact434@supplier.in
SUP0435,Bengaluru Toys Supplies Pvt Ltd,Toys,Bengaluru,Karnataka,66ABCDE7606F1Z6,10,4.6,60 Days,Yes,Active,contact435@supplier.in
SUP0436,Jaipur Fashion Supplies Pvt Ltd,Fashion,Jaipur,Rajasthan,74ABCDE6513F1Z5,14,3.6,45 Days,No,Active,contact436@supplier.in
SUP0437,Kolkata Furniture Supplies Pvt Ltd,Furniture,Kolkata,West Bengal,96ABCDE8747F1Z7,17,4.9,45 Days,Yes,Active,contact437@supplier.in
SUP0438,Bengaluru Electronics Supplies Pvt Ltd,Electronics,Bengaluru,Karnataka,35ABCDE8620F1Z3,17,3.1,45 Days,No,Active,contact438@supplier.in
SUP0439,Ahmedabad Beauty Supplies Pvt Ltd,Beauty,Ahmedabad,Gujarat,31ABCDE6426F1Z9,20,3.9,60 Days,No,Active,contact439@supplier.in
SUP0440,Jaipur Electronics Supplies Pvt Ltd,Electronics,Jaipur,Rajasthan,49ABCDE2087F1Z7,3,4.1,60 Days,No,Active,contact440@supplier.in
SUP0441,Kolkata Toys Supplies Pvt Ltd,Toys,Kolkata,West Bengal,38ABCDE5982F1Z3,14,3.7,45 Days,No,Active,contact441@supplier.in
SUP0442,Kochi Sports Supplies Pvt Ltd,Sports,Kochi,Kerala,61ABCDE2042F1Z8,8,4.1,30 Days,No,Active,contact442@supplier.in
SUP0443,Kochi Books Supplies Pvt Ltd,Books,Kochi,Kerala,36ABCDE7269F1Z8,11,4.7,60 Days,Yes,Active,contact443@supplier.in
SUP0444,Ludhiana Toys Supplies Pvt Ltd,Toys,Ludhiana,Punjab,43ABCDE4737F1Z9,13,4.7,60 Days,Yes,Active,contact444@supplier.in
SUP0445,Hyderabad Fashion Supplies Pvt Ltd,Fashion,Hyderabad,Telangana,81ABCDE8056F1Z3,13,4.8,45 Days,Yes,Active,contact445@supplier.in
SUP0446,Bengaluru Healthcare Supplies Pvt Ltd,Healthcare,Bengaluru,Karnataka,45ABCDE9403F1Z5,13,4.6,30 Days,Yes,Active,contact446@supplier.in
SUP0447,Chennai Electronics Supplies Pvt Ltd,Electronics,Chennai,Tamil Nadu,67ABCDE9443F1Z3,12,4.6,60 Days,Yes,Active,contact447@supplier.in
SUP0448,New Delhi Sports Supplies Pvt Ltd,Sports,New Delhi,Delhi,32ABCDE8250F1Z9,2,4.7,60 Days,Yes,Active,contact448@supplier.in
SUP0449,New Delhi Home Appliances Supplies Pvt Ltd,Home Appliances,New Delhi,Delhi,77ABCDE8457F1Z2,8,3.8,60 Days,No,Active,contact449@supplier.in
SUP0450,Indore Healthcare Supplies Pvt Ltd,Healthcare,Indore,Madhya Pradesh,93ABCDE4696F1Z7,18,4.4,60 Days,No,Active,contact450@supplier.in
SUP0451,Jaipur Electronics Supplies Pvt Ltd,Electronics,Jaipur,Rajasthan,14ABCDE4003F1Z8,7,3.6,60 Days,No,Active,contact451@supplier.in
SUP0452,Indore Grocery Supplies Pvt Ltd,Grocery,Indore,Madhya Pradesh,72ABCDE7140F1Z6,20,4.3,60 Days,No,Active,contact452@supplier.in
SUP0453,Ludhiana Beauty Supplies Pvt Ltd,Beauty,Ludhiana,Punjab,23ABCDE5359F1Z5,5,4.2,45 Days,No,Active,contact453@supplier.in
SUP0454,Ahmedabad Toys Supplies Pvt Ltd,Toys,Ahmedabad,Gujarat,94ABCDE1247F1Z3,8,3.2,60 Days,No,Active,contact454@supplier.in
SUP0455,Noida Grocery Supplies Pvt Ltd,Grocery,Noida,Uttar Pradesh,27ABCDE3962F1Z7,5,3.4,30 Days,No,Active,contact455@supplier.in
SUP0456,Bengaluru Furniture Supplies Pvt Ltd,Furniture,Bengaluru,Karnataka,59ABCDE9145F1Z8,20,4.6,45 Days,Yes,Active,contact456@supplier.in
SUP0457,Indore Grocery Supplies Pvt Ltd,Grocery,Indore,Madhya Pradesh,93ABCDE3346F1Z4,19,4.3,45 Days,No,Active,contact457@supplier.in
SUP0458,Bengaluru Books Supplies Pvt Ltd,Books,Bengaluru,Karnataka,61ABCDE2312F1Z2,6,4.5,60 Days,Yes,Active,contact458@supplier.in
SUP0459,Indore Beauty Supplies Pvt Ltd,Beauty,Indore,Madhya Pradesh,19ABCDE3261F1Z2,21,4.5,45 Days,Yes,Active,contact459@supplier.in
SUP0460,Bengaluru Beauty Supplies Pvt Ltd,Beauty,Bengaluru,Karnataka,67ABCDE3921F1Z6,10,4.5,60 Days,Yes,Active,contact460@supplier.in
SUP0461,Indore Grocery Supplies Pvt Ltd,Grocery,Indore,Madhya Pradesh,73ABCDE7468F1Z1,16,3.7,30 Days,No,Active,contact461@supplier.in
SUP0462,New Delhi Healthcare Supplies Pvt Ltd,Healthcare,New Delhi,Delhi,74ABCDE1498F1Z5,2,4.2,45 Days,No,Active,contact462@supplier.in
SUP0463,Chennai Home Appliances Supplies Pvt Ltd,Home Appliances,Chennai,Tamil Nadu,73ABCDE8312F1Z9,19,3.5,60 Days,No,Active,contact463@supplier.in
SUP0464,Ahmedabad Toys Supplies Pvt Ltd,Toys,Ahmedabad,Gujarat,85ABCDE3854F1Z9,4,4.6,45 Days,Yes,Active,contact464@supplier.in
SUP0465,Hyderabad Furniture Supplies Pvt Ltd,Furniture,Hyderabad,Telangana,45ABCDE6985F1Z7,18,4.2,60 Days,No,Active,contact465@supplier.in
SUP0466,Mumbai Books Supplies Pvt Ltd,Books,Mumbai,Maharashtra,99ABCDE6885F1Z2,13,3.7,60 Days,No,Active,contact466@supplier.in
SUP0467,Kochi Sports Supplies Pvt Ltd,Sports,Kochi,Kerala,18ABCDE8675F1Z3,18,4.2,60 Days,No,Active,contact467@supplier.in
SUP0468,New Delhi Home Appliances Supplies Pvt Ltd,Home Appliances,New Delhi,Delhi,94ABCDE1528F1Z6,16,3.9,60 Days,No,Active,contact468@supplier.in
SUP0469,Mumbai Electronics Supplies Pvt Ltd,Electronics,Mumbai,Maharashtra,82ABCDE2294F1Z1,18,4.7,30 Days,Yes,Active,contact469@supplier.in
SUP0470,Ludhiana Books Supplies Pvt Ltd,Books,Ludhiana,Punjab,39ABCDE4538F1Z3,14,3.2,30 Days,No,Active,contact470@supplier.in
SUP0471,Ahmedabad Sports Supplies Pvt Ltd,Sports,Ahmedabad,Gujarat,47ABCDE7240F1Z2,14,4.9,45 Days,Yes,Active,contact471@supplier.in
SUP0472,Mumbai Books Supplies Pvt Ltd,Books,Mumbai,Maharashtra,71ABCDE8274F1Z6,11,4.7,60 Days,Yes,Inactive,contact472@supplier.in
SUP0473,Ludhiana Beauty Supplies Pvt Ltd,Beauty,Ludhiana,Punjab,23ABCDE1362F1Z8,19,4.8,60 Days,Yes,Active,contact473@supplier.in
SUP0474,Noida Healthcare Supplies Pvt Ltd,Healthcare,Noida,Uttar Pradesh,40ABCDE9048F1Z9,8,3.7,30 Days,No,Active,contact474@supplier.in
SUP0475,Mumbai Sports Supplies Pvt Ltd,Sports,Mumbai,Maharashtra,41ABCDE8510F1Z2,16,4.4,30 Days,No,Active,contact475@supplier.in
SUP0476,Bengaluru Sports Supplies Pvt Ltd,Sports,Bengaluru,Karnataka,65ABCDE7983F1Z9,16,4.1,30 Days,No,Active,contact476@supplier.in
SUP0477,Mumbai Books Supplies Pvt Ltd,Books,Mumbai,Maharashtra,97ABCDE9236F1Z3,12,4.6,45 Days,Yes,Active,contact477@supplier.in
SUP0478,Noida Sports Supplies Pvt Ltd,Sports,Noida,Uttar Pradesh,16ABCDE4049F1Z1,13,4.7,45 Days,Yes,Active,contact478@supplier.in
SUP0479,Kolkata Fashion Supplies Pvt Ltd,Fashion,Kolkata,West Bengal,43ABCDE3623F1Z9,14,5.0,30 Days,Yes,Active,contact479@supplier.in
SUP0480,Ludhiana Beauty Supplies Pvt Ltd,Beauty,Ludhiana,Punjab,49ABCDE9850F1Z2,13,4.4,60 Days,No,Inactive,contact480@supplier.in
SUP0481,Noida Sports Supplies Pvt Ltd,Sports,Noida,Uttar Pradesh,15ABCDE2604F1Z6,19,3.9,30 Days,No,Active,contact481@supplier.in
SUP0482,Jaipur Electronics Supplies Pvt Ltd,Electronics,Jaipur,Rajasthan,93ABCDE2031F1Z3,20,4.1,60 Days,No,Active,contact482@supplier.in
SUP0483,Kolkata Electronics Supplies Pvt Ltd,Electronics,Kolkata,West Bengal,92ABCDE6731F1Z4,20,3.2,30 Days,No,Inactive,contact483@supplier.in
SUP0484,Noida Home Appliances Supplies Pvt Ltd,Home Appliances,Noida,Uttar Pradesh,82ABCDE5223F1Z4,6,3.2,45 Days,No,Active,contact484@supplier.in
SUP0485,Ahmedabad Healthcare Supplies Pvt Ltd,Healthcare,Ahmedabad,Gujarat,15ABCDE7886F1Z5,15,3.4,60 Days,No,Active,contact485@supplier.in
SUP0486,Indore Home Appliances Supplies Pvt Ltd,Home Appliances,Indore,Madhya Pradesh,88ABCDE7868F1Z3,9,3.7,45 Days,No,Active,contact486@supplier.in
SUP0487,Hyderabad Home Appliances Supplies Pvt Ltd,Home Appliances,Hyderabad,Telangana,24ABCDE6687F1Z3,7,4.6,30 Days,Yes,Active,contact487@supplier.in
SUP0488,Hyderabad Books Supplies Pvt Ltd,Books,Hyderabad,Telangana,37ABCDE7676F1Z4,2,4.0,45 Days,No,Active,contact488@supplier.in
SUP0489,Ahmedabad Healthcare Supplies Pvt Ltd,Healthcare,Ahmedabad,Gujarat,56ABCDE1743F1Z2,16,4.4,60 Days,No,Active,contact489@supplier.in
SUP0490,Hyderabad Healthcare Supplies Pvt Ltd,Healthcare,Hyderabad,Telangana,10ABCDE7568F1Z1,12,4.5,30 Days,Yes,Active,contact490@supplier.in
SUP0491,Jaipur Toys Supplies Pvt Ltd,Toys,Jaipur,Rajasthan,26ABCDE6875F1Z1,18,4.5,45 Days,Yes,Active,contact491@supplier.in
SUP0492,Kolkata Beauty Supplies Pvt Ltd,Beauty,Kolkata,West Bengal,18ABCDE5148F1Z6,9,4.3,45 Days,No,Active,contact492@supplier.in
SUP0493,Kolkata Books Supplies Pvt Ltd,Books,Kolkata,West Bengal,59ABCDE6124F1Z6,6,4.3,30 Days,No,Active,contact493@supplier.in
SUP0494,Mumbai Grocery Supplies Pvt Ltd,Grocery,Mumbai,Maharashtra,80ABCDE1912F1Z2,20,4.8,45 Days,Yes,Active,contact494@supplier.in
SUP0495,Mumbai Electronics Supplies Pvt Ltd,Electronics,Mumbai,Maharashtra,93ABCDE7689F1Z4,21,3.7,60 Days,No,Active,contact495@supplier.in
SUP0496,Mumbai Toys Supplies Pvt Ltd,Toys,Mumbai,Maharashtra,47ABCDE2023F1Z2,21,3.8,60 Days,No,Active,contact496@supplier.in
SUP0497,Chennai Grocery Supplies Pvt Ltd,Grocery,Chennai,Tamil Nadu,36ABCDE4629F1Z8,3,4.7,45 Days,Yes,Active,contact497@supplier.in
SUP0498,Hyderabad Toys Supplies Pvt Ltd,Toys,Hyderabad,Telangana,86ABCDE3861F1Z5,13,4.4,60 Days,No,Active,contact498@supplier.in
SUP0499,Ahmedabad Furniture Supplies Pvt Ltd,Furniture,Ahmedabad,Gujarat,81ABCDE6827F1Z1,16,4.0,45 Days,No,Active,contact499@supplier.in
SUP0500,Kolkata Toys Supplies Pvt Ltd,Toys,Kolkata,West Bengal,60ABCDE3186F1Z1,17,4.0,60 Days,No,Active,contact500@supplier.in
